2026-04-24 00:28:56,348 - INFO - Variáveis de ambiente carregadas de: F:\Repositorio\15_Git\DADOS_RFB\code\.env
2026-04-24 00:28:56,350 - INFO - Diretório criado: output
2026-04-24 00:28:56,352 - INFO - Diretório criado: extracted
2026-04-24 00:28:56,352 - INFO - Iniciando processo local de carga de dados
2026-04-24 00:28:56,352 - INFO - Lendo arquivos locais...
2026-04-24 00:28:56,352 - WARNING - Nenhum arquivo ZIP encontrado em output
2026-04-24 00:28:56,352 - WARNING - Nenhum arquivo ZIP encontrado para processamento. Verifique o diretório de entrada.
2026-04-24 00:51:39,501 - INFO - Variáveis de ambiente carregadas de: F:\Repositorio\15_Git\DADOS_RFB\code\.env
2026-04-24 00:51:39,501 - INFO - Diretório criado: D:\OPERACAO\OUTPUT_FILES
2026-04-24 00:51:39,501 - INFO - Diretório criado: D:\OPERACAO\EXTRACTED_FILES
2026-04-24 00:51:39,501 - INFO - Iniciando processo local de carga de dados
2026-04-24 00:51:39,502 - INFO - Lendo arquivos locais...
2026-04-24 00:51:39,503 - INFO - Encontrados 37 arquivos ZIP
2026-04-24 00:51:39,507 - INFO - Diretório de extração resetado
2026-04-24 00:51:39,507 - INFO - Extraindo arquivos...
2026-04-24 00:51:39,507 - ERROR - Erro durante execução: 'FileProcessor' object has no attribute 'extract_local_files'
2026-04-24 00:56:56,271 - INFO - Variáveis de ambiente carregadas de: F:\Repositorio\15_Git\DADOS_RFB\code\.env
2026-04-24 00:56:56,272 - INFO - Diretório criado: D:\OPERACAO\OUTPUT_FILES
2026-04-24 00:56:56,272 - INFO - Diretório criado: D:\OPERACAO\EXTRACTED_FILES
2026-04-24 00:56:56,272 - INFO - Iniciando processo local de carga de dados
2026-04-24 00:56:56,272 - INFO - Lendo arquivos locais...
2026-04-24 00:56:56,273 - INFO - Encontrados 37 arquivos ZIP
2026-04-24 00:56:56,885 - INFO - Diretório de extração resetado
2026-04-24 00:56:56,885 - INFO - Extraindo arquivos...
2026-04-24 00:56:56,885 - INFO - Descompactando: D:\OPERACAO\OUTPUT_FILES\Cnaes.zip
2026-04-24 00:56:56,891 - INFO - Descompactando: D:\OPERACAO\OUTPUT_FILES\Empresas0.zip
2026-04-24 00:57:04,256 - INFO - Descompactando: D:\OPERACAO\OUTPUT_FILES\Empresas1.zip
2026-04-24 00:57:05,908 - INFO - Descompactando: D:\OPERACAO\OUTPUT_FILES\Empresas2.zip
2026-04-24 00:57:07,314 - INFO - Descompactando: D:\OPERACAO\OUTPUT_FILES\Empresas3.zip
2026-04-24 00:57:09,094 - INFO - Descompactando: D:\OPERACAO\OUTPUT_FILES\Empresas4.zip
2026-04-24 00:57:10,530 - INFO - Descompactando: D:\OPERACAO\OUTPUT_FILES\Empresas5.zip
2026-04-24 00:57:12,387 - INFO - Descompactando: D:\OPERACAO\OUTPUT_FILES\Empresas6.zip
2026-04-24 00:57:13,538 - INFO - Descompactando: D:\OPERACAO\OUTPUT_FILES\Empresas7.zip
2026-04-24 00:57:15,526 - INFO - Descompactando: D:\OPERACAO\OUTPUT_FILES\Empresas8.zip
2026-04-24 00:57:16,576 - INFO - Descompactando: D:\OPERACAO\OUTPUT_FILES\Empresas9.zip
2026-04-24 00:57:18,709 - INFO - Descompactando: D:\OPERACAO\OUTPUT_FILES\Estabelecimentos0.zip
2026-04-24 00:58:12,666 - INFO - Descompactando: D:\OPERACAO\OUTPUT_FILES\Estabelecimentos1.zip
2026-04-24 00:58:25,632 - INFO - Descompactando: D:\OPERACAO\OUTPUT_FILES\Estabelecimentos2.zip
2026-04-24 00:58:37,180 - INFO - Descompactando: D:\OPERACAO\OUTPUT_FILES\Estabelecimentos3.zip
2026-04-24 00:58:49,817 - INFO - Descompactando: D:\OPERACAO\OUTPUT_FILES\Estabelecimentos4.zip
2026-04-24 00:59:02,445 - INFO - Descompactando: D:\OPERACAO\OUTPUT_FILES\Estabelecimentos5.zip
2026-04-24 00:59:14,867 - INFO - Descompactando: D:\OPERACAO\OUTPUT_FILES\Estabelecimentos6.zip
2026-04-24 00:59:27,796 - INFO - Descompactando: D:\OPERACAO\OUTPUT_FILES\Estabelecimentos7.zip
2026-04-24 00:59:41,101 - INFO - Descompactando: D:\OPERACAO\OUTPUT_FILES\Estabelecimentos8.zip
2026-04-24 00:59:53,485 - INFO - Descompactando: D:\OPERACAO\OUTPUT_FILES\Estabelecimentos9.zip
2026-04-24 01:00:06,320 - INFO - Descompactando: D:\OPERACAO\OUTPUT_FILES\Motivos.zip
2026-04-24 01:00:06,327 - INFO - Descompactando: D:\OPERACAO\OUTPUT_FILES\Municipios.zip
2026-04-24 01:00:06,344 - INFO - Descompactando: D:\OPERACAO\OUTPUT_FILES\Naturezas.zip
2026-04-24 01:00:06,346 - INFO - Descompactando: D:\OPERACAO\OUTPUT_FILES\Paises.zip
2026-04-24 01:00:06,348 - INFO - Descompactando: D:\OPERACAO\OUTPUT_FILES\Qualificacoes.zip
2026-04-24 01:00:06,681 - INFO - Descompactando: D:\OPERACAO\OUTPUT_FILES\Simples.zip
2026-04-24 01:00:27,211 - INFO - Descompactando: D:\OPERACAO\OUTPUT_FILES\Socios0.zip
2026-04-24 01:00:36,266 - INFO - Descompactando: D:\OPERACAO\OUTPUT_FILES\Socios1.zip
2026-04-24 01:00:38,381 - INFO - Descompactando: D:\OPERACAO\OUTPUT_FILES\Socios2.zip
2026-04-24 01:00:42,198 - INFO - Descompactando: D:\OPERACAO\OUTPUT_FILES\Socios3.zip
2026-04-24 01:00:42,725 - INFO - Descompactando: D:\OPERACAO\OUTPUT_FILES\Socios4.zip
2026-04-24 01:00:45,521 - INFO - Descompactando: D:\OPERACAO\OUTPUT_FILES\Socios5.zip
2026-04-24 01:00:48,985 - INFO - Descompactando: D:\OPERACAO\OUTPUT_FILES\Socios6.zip
2026-04-24 01:00:49,515 - INFO - Descompactando: D:\OPERACAO\OUTPUT_FILES\Socios7.zip
2026-04-24 01:00:52,472 - INFO - Descompactando: D:\OPERACAO\OUTPUT_FILES\Socios8.zip
2026-04-24 01:00:55,323 - INFO - Descompactando: D:\OPERACAO\OUTPUT_FILES\Socios9.zip
2026-04-24 01:00:55,875 - INFO - Listando arquivos extraidos: 37
2026-04-24 01:00:55,875 - INFO - Categorizando arquivos...
2026-04-24 01:00:55,875 - INFO - Processando dados...
2026-04-24 01:00:55,987 - INFO - Conexão com o banco de dados estabelecida com sucesso
2026-04-24 01:00:55,987 - INFO - Versão do banco: 8.0.44
2026-04-24 01:00:56,133 - INFO - Tabela pais existe e será recriada (drop + create).
2026-04-24 01:00:56,251 - INFO - Tabela pais recriada com sucesso.
2026-04-24 01:00:56,251 - INFO - Processando arquivo: F.K03200$Z.D60411.PAISCSV
2026-04-24 01:00:57,605 - WARNING - Erro na tentativa 1 ao inserir dados em pais: Failed processing format-parameters; Python 'int32' cannot be converted to a MySQL type
2026-04-24 01:00:57,605 - INFO - Tentando novamente com lote menor (tentativa 2)...
2026-04-24 01:01:02,606 - WARNING - Erro na tentativa 2 ao inserir dados em pais: Failed processing format-parameters; Python 'int32' cannot be converted to a MySQL type
2026-04-24 01:01:02,606 - INFO - Tentando novamente com lote menor (tentativa 3)...
2026-04-24 01:01:07,608 - WARNING - Erro na tentativa 3 ao inserir dados em pais: Failed processing format-parameters; Python 'int32' cannot be converted to a MySQL type
2026-04-24 01:01:07,608 - ERROR - Falha ao inserir dados em pais após 3 tentativas: Failed processing format-parameters; Python 'int32' cannot be converted to a MySQL type
2026-04-24 01:01:07,608 - ERROR - Erro ao processar arquivo D:\OPERACAO\EXTRACTED_FILES\F.K03200$Z.D60411.PAISCSV: Failed processing format-parameters; Python 'int32' cannot be converted to a MySQL type
2026-04-24 01:01:07,608 - ERROR - Erro ao processar tabela pais: Failed processing format-parameters; Python 'int32' cannot be converted to a MySQL type
2026-04-24 01:01:07,608 - ERROR - Erro no processamento geral: Failed processing format-parameters; Python 'int32' cannot be converted to a MySQL type
2026-04-24 01:01:07,608 - INFO - Conexão com o banco fechada
2026-04-24 01:01:07,609 - ERROR - Erro durante execução: Failed processing format-parameters; Python 'int32' cannot be converted to a MySQL type
2026-04-24 01:12:07,170 - INFO - Variáveis de ambiente carregadas de: F:\Repositorio\15_Git\DADOS_RFB\code\.env
2026-04-24 01:12:07,170 - INFO - Diretório criado: D:\OPERACAO\OUTPUT_FILES
2026-04-24 01:12:07,170 - INFO - Diretório criado: D:\OPERACAO\EXTRACTED_FILES
2026-04-24 01:12:07,170 - INFO - Iniciando processo local de carga de dados
2026-04-24 01:12:07,170 - INFO - Lendo arquivos locais...
2026-04-24 01:12:07,171 - INFO - Encontrados 37 arquivos ZIP
2026-04-24 01:12:07,419 - INFO - Diretório de extração resetado
2026-04-24 01:12:07,419 - INFO - Extraindo arquivos...
2026-04-24 01:12:07,419 - INFO - Descompactando: D:\OPERACAO\OUTPUT_FILES\Cnaes.zip
2026-04-24 01:12:07,464 - INFO - Descompactando: D:\OPERACAO\OUTPUT_FILES\Empresas0.zip
2026-04-24 01:12:14,556 - INFO - Descompactando: D:\OPERACAO\OUTPUT_FILES\Empresas1.zip
2026-04-24 01:12:16,226 - INFO - Descompactando: D:\OPERACAO\OUTPUT_FILES\Empresas2.zip
2026-04-24 01:12:17,269 - INFO - Descompactando: D:\OPERACAO\OUTPUT_FILES\Empresas3.zip
2026-04-24 01:12:18,844 - INFO - Descompactando: D:\OPERACAO\OUTPUT_FILES\Empresas4.zip
2026-04-24 01:12:20,995 - INFO - Descompactando: D:\OPERACAO\OUTPUT_FILES\Empresas5.zip
2026-04-24 01:12:22,041 - INFO - Descompactando: D:\OPERACAO\OUTPUT_FILES\Empresas6.zip
2026-04-24 01:12:23,307 - INFO - Descompactando: D:\OPERACAO\OUTPUT_FILES\Empresas7.zip
2026-04-24 01:12:25,367 - INFO - Descompactando: D:\OPERACAO\OUTPUT_FILES\Empresas8.zip
2026-04-24 01:12:26,293 - INFO - Descompactando: D:\OPERACAO\OUTPUT_FILES\Empresas9.zip
2026-04-24 01:12:28,429 - INFO - Descompactando: D:\OPERACAO\OUTPUT_FILES\Estabelecimentos0.zip
2026-04-24 01:13:27,929 - INFO - Descompactando: D:\OPERACAO\OUTPUT_FILES\Estabelecimentos1.zip
2026-04-24 01:13:42,290 - INFO - Descompactando: D:\OPERACAO\OUTPUT_FILES\Estabelecimentos2.zip
2026-04-24 01:13:56,462 - INFO - Descompactando: D:\OPERACAO\OUTPUT_FILES\Estabelecimentos3.zip
2026-04-24 01:14:11,901 - INFO - Descompactando: D:\OPERACAO\OUTPUT_FILES\Estabelecimentos4.zip
2026-04-24 01:14:24,674 - INFO - Descompactando: D:\OPERACAO\OUTPUT_FILES\Estabelecimentos5.zip
2026-04-24 01:14:36,907 - INFO - Descompactando: D:\OPERACAO\OUTPUT_FILES\Estabelecimentos6.zip
2026-04-24 01:14:49,664 - INFO - Descompactando: D:\OPERACAO\OUTPUT_FILES\Estabelecimentos7.zip
2026-04-24 01:15:02,522 - INFO - Descompactando: D:\OPERACAO\OUTPUT_FILES\Estabelecimentos8.zip
2026-04-24 01:15:15,586 - INFO - Descompactando: D:\OPERACAO\OUTPUT_FILES\Estabelecimentos9.zip
2026-04-24 01:15:28,089 - INFO - Descompactando: D:\OPERACAO\OUTPUT_FILES\Motivos.zip
2026-04-24 01:15:28,094 - INFO - Descompactando: D:\OPERACAO\OUTPUT_FILES\Municipios.zip
2026-04-24 01:15:28,099 - INFO - Descompactando: D:\OPERACAO\OUTPUT_FILES\Naturezas.zip
2026-04-24 01:15:28,102 - INFO - Descompactando: D:\OPERACAO\OUTPUT_FILES\Paises.zip
2026-04-24 01:15:28,439 - INFO - Descompactando: D:\OPERACAO\OUTPUT_FILES\Qualificacoes.zip
2026-04-24 01:15:28,441 - INFO - Descompactando: D:\OPERACAO\OUTPUT_FILES\Simples.zip
2026-04-24 01:15:49,455 - INFO - Descompactando: D:\OPERACAO\OUTPUT_FILES\Socios0.zip
2026-04-24 01:15:57,976 - INFO - Descompactando: D:\OPERACAO\OUTPUT_FILES\Socios1.zip
2026-04-24 01:16:01,534 - INFO - Descompactando: D:\OPERACAO\OUTPUT_FILES\Socios2.zip
2026-04-24 01:16:02,072 - INFO - Descompactando: D:\OPERACAO\OUTPUT_FILES\Socios3.zip
2026-04-24 01:16:05,474 - INFO - Descompactando: D:\OPERACAO\OUTPUT_FILES\Socios4.zip
2026-04-24 01:16:05,979 - INFO - Descompactando: D:\OPERACAO\OUTPUT_FILES\Socios5.zip
2026-04-24 01:16:09,008 - INFO - Descompactando: D:\OPERACAO\OUTPUT_FILES\Socios6.zip
2026-04-24 01:16:12,480 - INFO - Descompactando: D:\OPERACAO\OUTPUT_FILES\Socios7.zip
2026-04-24 01:16:12,979 - INFO - Descompactando: D:\OPERACAO\OUTPUT_FILES\Socios8.zip
2026-04-24 01:16:14,556 - INFO - Descompactando: D:\OPERACAO\OUTPUT_FILES\Socios9.zip
2026-04-24 01:16:17,949 - INFO - Listando arquivos extraidos: 37
2026-04-24 01:16:17,949 - INFO - Categorizando arquivos...
2026-04-24 01:16:17,949 - INFO - Processando dados...
2026-04-24 01:16:17,965 - INFO - Conexão com o banco de dados estabelecida com sucesso
2026-04-24 01:16:17,965 - INFO - Versão do banco: 8.0.44
2026-04-24 01:16:17,970 - INFO - Tabela pais existe e será recriada (drop + create).
2026-04-24 01:16:18,021 - INFO - Tabela pais recriada com sucesso.
2026-04-24 01:16:18,021 - INFO - Processando arquivo: F.K03200$Z.D60411.PAISCSV
2026-04-24 01:16:19,648 - INFO - Inserido lote de 255 registros em pais (total: 1)
2026-04-24 01:16:19,652 - INFO - Processadas 255 linhas da tabela pais (chunk 1)
2026-04-24 01:16:19,653 - INFO - Total de 255 linhas processadas para tabela pais
2026-04-24 01:16:19,654 - INFO - Tabela munic existe e será recriada (drop + create).
2026-04-24 01:16:19,695 - INFO - Tabela munic recriada com sucesso.
2026-04-24 01:16:19,695 - INFO - Processando arquivo: F.K03200$Z.D60411.MUNICCSV
2026-04-24 01:16:21,101 - INFO - Inserido lote de 5572 registros em munic (total: 1)
2026-04-24 01:16:21,112 - INFO - Processadas 5572 linhas da tabela munic (chunk 1)
2026-04-24 01:16:21,112 - INFO - Total de 5572 linhas processadas para tabela munic
2026-04-24 01:16:21,116 - INFO - Tabela quals existe e será recriada (drop + create).
2026-04-24 01:16:21,480 - INFO - Tabela quals recriada com sucesso.
2026-04-24 01:16:21,480 - INFO - Processando arquivo: F.K03200$Z.D60411.QUALSCSV
2026-04-24 01:16:21,508 - INFO - Inserido lote de 68 registros em quals (total: 1)
2026-04-24 01:16:21,511 - INFO - Processadas 68 linhas da tabela quals (chunk 1)
2026-04-24 01:16:21,511 - INFO - Total de 68 linhas processadas para tabela quals
2026-04-24 01:16:21,513 - INFO - Tabela natju existe e será recriada (drop + create).
2026-04-24 01:16:21,550 - INFO - Tabela natju recriada com sucesso.
2026-04-24 01:16:21,550 - INFO - Processando arquivo: F.K03200$Z.D60411.NATJUCSV
2026-04-24 01:16:21,582 - INFO - Inserido lote de 91 registros em natju (total: 1)
2026-04-24 01:16:21,585 - INFO - Processadas 91 linhas da tabela natju (chunk 1)
2026-04-24 01:16:21,586 - INFO - Total de 91 linhas processadas para tabela natju
2026-04-24 01:16:21,587 - INFO - Tabela cnae existe e será recriada (drop + create).
2026-04-24 01:16:21,623 - INFO - Tabela cnae recriada com sucesso.
2026-04-24 01:16:21,623 - INFO - Processando arquivo: F.K03200$Z.D60411.CNAECSV
2026-04-24 01:16:21,973 - INFO - Inserido lote de 1359 registros em cnae (total: 1)
2026-04-24 01:16:21,979 - INFO - Processadas 1359 linhas da tabela cnae (chunk 1)
2026-04-24 01:16:21,979 - INFO - Total de 1359 linhas processadas para tabela cnae
2026-04-24 01:16:21,981 - INFO - Tabela empresa existe e será recriada (drop + create).
2026-04-24 01:16:22,033 - INFO - Tabela empresa recriada com sucesso.
2026-04-24 01:16:22,033 - INFO - Processando arquivo: K3241.K03200Y0.D60411.EMPRECSV
2026-04-24 01:16:22,810 - WARNING - Erro na tentativa 1 ao inserir dados em empresa: 1054 (42S22): Unknown column 'nan' in 'field list'
2026-04-24 01:16:22,810 - INFO - Tentando novamente com lote menor (tentativa 2)...
2026-04-24 01:16:27,812 - WARNING - Erro na tentativa 2 ao inserir dados em empresa: 1054 (42S22): Unknown column 'nan' in 'field list'
2026-04-24 01:16:27,812 - INFO - Tentando novamente com lote menor (tentativa 3)...
2026-04-24 01:16:32,814 - WARNING - Erro na tentativa 3 ao inserir dados em empresa: 1054 (42S22): Unknown column 'nan' in 'field list'
2026-04-24 01:16:32,814 - ERROR - Falha ao inserir dados em empresa após 3 tentativas: 1054 (42S22): Unknown column 'nan' in 'field list'
2026-04-24 01:16:32,815 - ERROR - Erro ao processar arquivo D:\OPERACAO\EXTRACTED_FILES\K3241.K03200Y0.D60411.EMPRECSV: 1054 (42S22): Unknown column 'nan' in 'field list'
2026-04-24 01:16:32,815 - ERROR - Erro ao processar tabela empresa: 1054 (42S22): Unknown column 'nan' in 'field list'
2026-04-24 01:16:32,815 - ERROR - Erro no processamento geral: 1054 (42S22): Unknown column 'nan' in 'field list'
2026-04-24 01:16:32,815 - INFO - Conexão com o banco fechada
2026-04-24 01:16:32,816 - ERROR - Erro durante execução: 1054 (42S22): Unknown column 'nan' in 'field list'
2026-04-24 01:27:23,107 - INFO - Variáveis de ambiente carregadas de: F:\Repositorio\15_Git\DADOS_RFB\code\.env
2026-04-24 01:27:23,108 - INFO - Diretório criado: D:\OPERACAO\OUTPUT_FILES
2026-04-24 01:27:23,108 - INFO - Diretório criado: D:\OPERACAO\EXTRACTED_FILES
2026-04-24 01:27:23,108 - INFO - Iniciando processo local de carga de dados
2026-04-24 01:27:23,108 - INFO - Lendo arquivos locais...
2026-04-24 01:27:23,109 - INFO - Encontrados 37 arquivos ZIP
2026-04-24 01:27:23,379 - INFO - Diretório de extração resetado
2026-04-24 01:27:23,379 - INFO - Extraindo arquivos...
2026-04-24 01:27:23,379 - INFO - Descompactando: D:\OPERACAO\OUTPUT_FILES\Cnaes.zip
2026-04-24 01:27:23,397 - INFO - Descompactando: D:\OPERACAO\OUTPUT_FILES\Empresas0.zip
2026-04-24 01:27:30,836 - INFO - Descompactando: D:\OPERACAO\OUTPUT_FILES\Empresas1.zip
2026-04-24 01:27:33,012 - INFO - Descompactando: D:\OPERACAO\OUTPUT_FILES\Empresas2.zip
2026-04-24 01:27:34,120 - INFO - Descompactando: D:\OPERACAO\OUTPUT_FILES\Empresas3.zip
2026-04-24 01:27:35,782 - INFO - Descompactando: D:\OPERACAO\OUTPUT_FILES\Empresas4.zip
2026-04-24 01:27:36,823 - INFO - Descompactando: D:\OPERACAO\OUTPUT_FILES\Empresas5.zip
2026-04-24 01:27:39,132 - INFO - Descompactando: D:\OPERACAO\OUTPUT_FILES\Empresas6.zip
2026-04-24 01:27:40,148 - INFO - Descompactando: D:\OPERACAO\OUTPUT_FILES\Empresas7.zip
2026-04-24 01:27:41,446 - INFO - Descompactando: D:\OPERACAO\OUTPUT_FILES\Empresas8.zip
2026-04-24 01:27:43,742 - INFO - Descompactando: D:\OPERACAO\OUTPUT_FILES\Empresas9.zip
2026-04-24 01:27:45,359 - INFO - Descompactando: D:\OPERACAO\OUTPUT_FILES\Estabelecimentos0.zip
2026-04-24 01:28:42,695 - INFO - Descompactando: D:\OPERACAO\OUTPUT_FILES\Estabelecimentos1.zip
2026-04-24 01:28:56,896 - INFO - Descompactando: D:\OPERACAO\OUTPUT_FILES\Estabelecimentos2.zip
2026-04-24 01:29:10,571 - INFO - Descompactando: D:\OPERACAO\OUTPUT_FILES\Estabelecimentos3.zip
2026-04-24 01:29:26,742 - INFO - Descompactando: D:\OPERACAO\OUTPUT_FILES\Estabelecimentos4.zip
2026-04-24 01:29:40,262 - INFO - Descompactando: D:\OPERACAO\OUTPUT_FILES\Estabelecimentos5.zip
2026-04-24 01:29:53,256 - INFO - Descompactando: D:\OPERACAO\OUTPUT_FILES\Estabelecimentos6.zip
2026-04-24 01:30:05,642 - INFO - Descompactando: D:\OPERACAO\OUTPUT_FILES\Estabelecimentos7.zip
2026-04-24 01:30:17,850 - INFO - Descompactando: D:\OPERACAO\OUTPUT_FILES\Estabelecimentos8.zip
2026-04-24 01:30:29,360 - INFO - Descompactando: D:\OPERACAO\OUTPUT_FILES\Estabelecimentos9.zip
2026-04-24 01:30:42,960 - INFO - Descompactando: D:\OPERACAO\OUTPUT_FILES\Motivos.zip
2026-04-24 01:30:42,962 - INFO - Descompactando: D:\OPERACAO\OUTPUT_FILES\Municipios.zip
2026-04-24 01:30:42,964 - INFO - Descompactando: D:\OPERACAO\OUTPUT_FILES\Naturezas.zip
2026-04-24 01:30:42,965 - INFO - Descompactando: D:\OPERACAO\OUTPUT_FILES\Paises.zip
2026-04-24 01:30:42,966 - INFO - Descompactando: D:\OPERACAO\OUTPUT_FILES\Qualificacoes.zip
2026-04-24 01:30:42,966 - INFO - Descompactando: D:\OPERACAO\OUTPUT_FILES\Simples.zip
2026-04-24 01:31:03,368 - INFO - Descompactando: D:\OPERACAO\OUTPUT_FILES\Socios0.zip
2026-04-24 01:31:12,003 - INFO - Descompactando: D:\OPERACAO\OUTPUT_FILES\Socios1.zip
2026-04-24 01:31:14,845 - INFO - Descompactando: D:\OPERACAO\OUTPUT_FILES\Socios2.zip
2026-04-24 01:31:18,095 - INFO - Descompactando: D:\OPERACAO\OUTPUT_FILES\Socios3.zip
2026-04-24 01:31:18,935 - INFO - Descompactando: D:\OPERACAO\OUTPUT_FILES\Socios4.zip
2026-04-24 01:31:22,482 - INFO - Descompactando: D:\OPERACAO\OUTPUT_FILES\Socios5.zip
2026-04-24 01:31:24,447 - INFO - Descompactando: D:\OPERACAO\OUTPUT_FILES\Socios6.zip
2026-04-24 01:31:25,374 - INFO - Descompactando: D:\OPERACAO\OUTPUT_FILES\Socios7.zip
2026-04-24 01:31:27,557 - INFO - Descompactando: D:\OPERACAO\OUTPUT_FILES\Socios8.zip
2026-04-24 01:31:30,966 - INFO - Descompactando: D:\OPERACAO\OUTPUT_FILES\Socios9.zip
2026-04-24 01:31:31,809 - INFO - Listando arquivos extraidos: 37
2026-04-24 01:31:31,809 - INFO - Categorizando arquivos...
2026-04-24 01:31:31,809 - INFO - Processando dados...
2026-04-24 01:31:31,824 - INFO - Conexão com o banco de dados estabelecida com sucesso
2026-04-24 01:31:31,824 - INFO - Versão do banco: 8.0.44
2026-04-24 01:31:31,831 - INFO - Tabela pais existe e será recriada (drop + create).
2026-04-24 01:31:31,875 - INFO - Tabela pais recriada com sucesso.
2026-04-24 01:31:31,875 - INFO - Processando arquivo: F.K03200$Z.D60411.PAISCSV
2026-04-24 01:31:33,619 - INFO - Inserido lote de 255 registros em pais (total: 1)
2026-04-24 01:31:33,638 - INFO - Processadas 255 linhas da tabela pais (chunk 1)
2026-04-24 01:31:33,638 - INFO - Total de 255 linhas processadas para tabela pais
2026-04-24 01:31:33,640 - INFO - Tabela munic existe e será recriada (drop + create).
2026-04-24 01:31:34,385 - INFO - Tabela munic recriada com sucesso.
2026-04-24 01:31:34,385 - INFO - Processando arquivo: F.K03200$Z.D60411.MUNICCSV
2026-04-24 01:31:35,752 - INFO - Inserido lote de 5572 registros em munic (total: 1)
2026-04-24 01:31:35,762 - INFO - Processadas 5572 linhas da tabela munic (chunk 1)
2026-04-24 01:31:35,763 - INFO - Total de 5572 linhas processadas para tabela munic
2026-04-24 01:31:35,765 - INFO - Tabela quals existe e será recriada (drop + create).
2026-04-24 01:31:35,799 - INFO - Tabela quals recriada com sucesso.
2026-04-24 01:31:35,799 - INFO - Processando arquivo: F.K03200$Z.D60411.QUALSCSV
2026-04-24 01:31:35,822 - INFO - Inserido lote de 68 registros em quals (total: 1)
2026-04-24 01:31:35,825 - INFO - Processadas 68 linhas da tabela quals (chunk 1)
2026-04-24 01:31:35,825 - INFO - Total de 68 linhas processadas para tabela quals
2026-04-24 01:31:35,827 - INFO - Tabela natju existe e será recriada (drop + create).
2026-04-24 01:31:35,860 - INFO - Tabela natju recriada com sucesso.
2026-04-24 01:31:35,861 - INFO - Processando arquivo: F.K03200$Z.D60411.NATJUCSV
2026-04-24 01:31:35,889 - INFO - Inserido lote de 91 registros em natju (total: 1)
2026-04-24 01:31:35,893 - INFO - Processadas 91 linhas da tabela natju (chunk 1)
2026-04-24 01:31:35,893 - INFO - Total de 91 linhas processadas para tabela natju
2026-04-24 01:31:35,894 - INFO - Tabela cnae existe e será recriada (drop + create).
2026-04-24 01:31:35,927 - INFO - Tabela cnae recriada com sucesso.
2026-04-24 01:31:35,927 - INFO - Processando arquivo: F.K03200$Z.D60411.CNAECSV
2026-04-24 01:31:36,286 - INFO - Inserido lote de 1359 registros em cnae (total: 1)
2026-04-24 01:31:36,292 - INFO - Processadas 1359 linhas da tabela cnae (chunk 1)
2026-04-24 01:31:36,292 - INFO - Total de 1359 linhas processadas para tabela cnae
2026-04-24 01:31:36,294 - INFO - Tabela empresa existe e será recriada (drop + create).
2026-04-24 01:31:36,333 - INFO - Tabela empresa recriada com sucesso.
2026-04-24 01:31:36,333 - INFO - Processando arquivo: K3241.K03200Y0.D60411.EMPRECSV
2026-04-24 01:31:36,944 - WARNING - Erro na tentativa 1 ao inserir dados em empresa: 1054 (42S22): Unknown column 'nan' in 'field list'
2026-04-24 01:31:36,944 - INFO - Tentando novamente com lote menor (tentativa 2)...
2026-04-24 01:31:41,945 - WARNING - Erro na tentativa 2 ao inserir dados em empresa: 1054 (42S22): Unknown column 'nan' in 'field list'
2026-04-24 01:31:41,946 - INFO - Tentando novamente com lote menor (tentativa 3)...
2026-04-24 01:31:46,947 - WARNING - Erro na tentativa 3 ao inserir dados em empresa: 1054 (42S22): Unknown column 'nan' in 'field list'
2026-04-24 01:31:46,947 - ERROR - Falha ao inserir dados em empresa após 3 tentativas: 1054 (42S22): Unknown column 'nan' in 'field list'
2026-04-24 01:31:46,948 - ERROR - Erro ao processar arquivo D:\OPERACAO\EXTRACTED_FILES\K3241.K03200Y0.D60411.EMPRECSV: 1054 (42S22): Unknown column 'nan' in 'field list'
2026-04-24 01:31:46,948 - ERROR - Erro ao processar tabela empresa: 1054 (42S22): Unknown column 'nan' in 'field list'
2026-04-24 01:31:46,948 - ERROR - Erro no processamento geral: 1054 (42S22): Unknown column 'nan' in 'field list'
2026-04-24 01:31:46,948 - INFO - Conexão com o banco fechada
2026-04-24 01:31:46,948 - ERROR - Erro durante execução: 1054 (42S22): Unknown column 'nan' in 'field list'
2026-04-24 02:01:14,801 - INFO - Variáveis de ambiente carregadas de: F:\Repositorio\15_Git\DADOS_RFB\code\.env
2026-04-24 02:01:14,802 - INFO - Diretório criado: D:\OPERACAO\OUTPUT_FILES
2026-04-24 02:01:14,802 - INFO - Diretório criado: D:\OPERACAO\EXTRACTED_FILES
2026-04-24 02:01:14,802 - INFO - Iniciando processo local de carga de dados
2026-04-24 02:01:14,802 - INFO - Lendo arquivos locais...
2026-04-24 02:01:14,803 - INFO - Encontrados 37 arquivos ZIP
2026-04-24 02:01:14,996 - INFO - Diretório de extração resetado
2026-04-24 02:01:14,996 - INFO - Extraindo arquivos...
2026-04-24 02:01:14,996 - INFO - Descompactando: D:\OPERACAO\OUTPUT_FILES\Cnaes.zip
2026-04-24 02:01:15,002 - INFO - Descompactando: D:\OPERACAO\OUTPUT_FILES\Empresas0.zip
2026-04-24 02:01:22,041 - INFO - Descompactando: D:\OPERACAO\OUTPUT_FILES\Empresas1.zip
2026-04-24 02:01:23,529 - INFO - Descompactando: D:\OPERACAO\OUTPUT_FILES\Empresas2.zip
2026-04-24 02:01:25,064 - INFO - Descompactando: D:\OPERACAO\OUTPUT_FILES\Empresas3.zip
2026-04-24 02:01:26,839 - INFO - Descompactando: D:\OPERACAO\OUTPUT_FILES\Empresas4.zip
2026-04-24 02:01:27,917 - INFO - Descompactando: D:\OPERACAO\OUTPUT_FILES\Empresas5.zip
2026-04-24 02:01:29,711 - INFO - Descompactando: D:\OPERACAO\OUTPUT_FILES\Empresas6.zip
2026-04-24 02:01:30,767 - INFO - Descompactando: D:\OPERACAO\OUTPUT_FILES\Empresas7.zip
2026-04-24 02:01:32,636 - INFO - Descompactando: D:\OPERACAO\OUTPUT_FILES\Empresas8.zip
2026-04-24 02:01:33,800 - INFO - Descompactando: D:\OPERACAO\OUTPUT_FILES\Empresas9.zip
2026-04-24 02:01:35,338 - INFO - Descompactando: D:\OPERACAO\OUTPUT_FILES\Estabelecimentos0.zip
2026-04-24 02:02:36,040 - INFO - Descompactando: D:\OPERACAO\OUTPUT_FILES\Estabelecimentos1.zip
2026-04-24 02:02:50,681 - INFO - Descompactando: D:\OPERACAO\OUTPUT_FILES\Estabelecimentos2.zip
2026-04-24 02:03:05,197 - INFO - Descompactando: D:\OPERACAO\OUTPUT_FILES\Estabelecimentos3.zip
2026-04-24 02:03:20,402 - INFO - Descompactando: D:\OPERACAO\OUTPUT_FILES\Estabelecimentos4.zip
2026-04-24 02:03:32,468 - INFO - Descompactando: D:\OPERACAO\OUTPUT_FILES\Estabelecimentos5.zip
2026-04-24 02:03:45,733 - INFO - Descompactando: D:\OPERACAO\OUTPUT_FILES\Estabelecimentos6.zip
2026-04-24 02:03:58,225 - INFO - Descompactando: D:\OPERACAO\OUTPUT_FILES\Estabelecimentos7.zip
2026-04-24 02:04:09,407 - INFO - Descompactando: D:\OPERACAO\OUTPUT_FILES\Estabelecimentos8.zip
2026-04-24 02:04:23,087 - INFO - Descompactando: D:\OPERACAO\OUTPUT_FILES\Estabelecimentos9.zip
2026-04-24 02:04:36,444 - INFO - Descompactando: D:\OPERACAO\OUTPUT_FILES\Motivos.zip
2026-04-24 02:04:36,446 - INFO - Descompactando: D:\OPERACAO\OUTPUT_FILES\Municipios.zip
2026-04-24 02:04:36,448 - INFO - Descompactando: D:\OPERACAO\OUTPUT_FILES\Naturezas.zip
2026-04-24 02:04:36,449 - INFO - Descompactando: D:\OPERACAO\OUTPUT_FILES\Paises.zip
2026-04-24 02:04:36,449 - INFO - Descompactando: D:\OPERACAO\OUTPUT_FILES\Qualificacoes.zip
2026-04-24 02:04:36,450 - INFO - Descompactando: D:\OPERACAO\OUTPUT_FILES\Simples.zip
2026-04-24 02:04:56,451 - INFO - Descompactando: D:\OPERACAO\OUTPUT_FILES\Socios0.zip
2026-04-24 02:05:04,974 - INFO - Descompactando: D:\OPERACAO\OUTPUT_FILES\Socios1.zip
2026-04-24 02:05:07,942 - INFO - Descompactando: D:\OPERACAO\OUTPUT_FILES\Socios2.zip
2026-04-24 02:05:08,845 - INFO - Descompactando: D:\OPERACAO\OUTPUT_FILES\Socios3.zip
2026-04-24 02:05:12,564 - INFO - Descompactando: D:\OPERACAO\OUTPUT_FILES\Socios4.zip
2026-04-24 02:05:13,531 - INFO - Descompactando: D:\OPERACAO\OUTPUT_FILES\Socios5.zip
2026-04-24 02:05:16,263 - INFO - Descompactando: D:\OPERACAO\OUTPUT_FILES\Socios6.zip
2026-04-24 02:05:17,120 - INFO - Descompactando: D:\OPERACAO\OUTPUT_FILES\Socios7.zip
2026-04-24 02:05:20,931 - INFO - Descompactando: D:\OPERACAO\OUTPUT_FILES\Socios8.zip
2026-04-24 02:05:23,135 - INFO - Descompactando: D:\OPERACAO\OUTPUT_FILES\Socios9.zip
2026-04-24 02:05:24,388 - INFO - Listando arquivos extraidos: 37
2026-04-24 02:05:24,388 - INFO - Categorizando arquivos...
2026-04-24 02:05:24,388 - INFO - Processando dados...
2026-04-24 02:05:24,404 - INFO - Conexão com o banco de dados estabelecida com sucesso
2026-04-24 02:05:24,404 - INFO - Versão do banco: 8.0.44
2026-04-24 02:05:24,410 - INFO - Tabela pais existe e será recriada (drop + create).
2026-04-24 02:05:24,449 - INFO - Tabela pais recriada com sucesso.
2026-04-24 02:05:24,449 - INFO - Processando arquivo: F.K03200$Z.D60411.PAISCSV
2026-04-24 02:05:25,161 - ERROR - Erro ao processar arquivo D:\OPERACAO\EXTRACTED_FILES\F.K03200$Z.D60411.PAISCSV: RFBDataLoader.sanitize_chunk() takes 2 positional arguments but 3 were given
2026-04-24 02:05:25,161 - ERROR - Erro ao processar tabela pais: RFBDataLoader.sanitize_chunk() takes 2 positional arguments but 3 were given
2026-04-24 02:05:25,162 - ERROR - Erro no processamento geral: RFBDataLoader.sanitize_chunk() takes 2 positional arguments but 3 were given
2026-04-24 02:05:25,162 - INFO - Conexão com o banco fechada
2026-04-24 02:05:25,162 - ERROR - Erro durante execução: RFBDataLoader.sanitize_chunk() takes 2 positional arguments but 3 were given
2026-04-24 02:11:23,731 - INFO - Variáveis de ambiente carregadas de: F:\Repositorio\15_Git\DADOS_RFB\code\.env
2026-04-24 02:11:23,731 - INFO - Diretório criado: D:\OPERACAO\OUTPUT_FILES
2026-04-24 02:11:23,732 - INFO - Diretório criado: D:\OPERACAO\EXTRACTED_FILES
2026-04-24 02:11:23,732 - INFO - Iniciando processo local de carga de dados
2026-04-24 02:11:23,732 - INFO - Lendo arquivos locais...
2026-04-24 02:11:23,733 - INFO - Encontrados 37 arquivos ZIP
2026-04-24 02:11:24,294 - INFO - Diretório de extração resetado
2026-04-24 02:11:24,294 - INFO - Extraindo arquivos...
2026-04-24 02:11:24,294 - INFO - Descompactando: D:\OPERACAO\OUTPUT_FILES\Cnaes.zip
2026-04-24 02:11:24,297 - INFO - Descompactando: D:\OPERACAO\OUTPUT_FILES\Empresas0.zip
2026-04-24 02:11:31,813 - INFO - Descompactando: D:\OPERACAO\OUTPUT_FILES\Empresas1.zip
2026-04-24 02:11:33,600 - INFO - Descompactando: D:\OPERACAO\OUTPUT_FILES\Empresas2.zip
2026-04-24 02:11:34,484 - INFO - Descompactando: D:\OPERACAO\OUTPUT_FILES\Empresas3.zip
2026-04-24 02:11:36,441 - INFO - Descompactando: D:\OPERACAO\OUTPUT_FILES\Empresas4.zip
2026-04-24 02:11:37,432 - INFO - Descompactando: D:\OPERACAO\OUTPUT_FILES\Empresas5.zip
2026-04-24 02:11:39,281 - INFO - Descompactando: D:\OPERACAO\OUTPUT_FILES\Empresas6.zip
2026-04-24 02:11:40,739 - INFO - Descompactando: D:\OPERACAO\OUTPUT_FILES\Empresas7.zip
2026-04-24 02:11:41,909 - INFO - Descompactando: D:\OPERACAO\OUTPUT_FILES\Empresas8.zip
2026-04-24 02:11:43,413 - INFO - Descompactando: D:\OPERACAO\OUTPUT_FILES\Empresas9.zip
2026-04-24 02:11:44,613 - INFO - Descompactando: D:\OPERACAO\OUTPUT_FILES\Estabelecimentos0.zip
2026-04-24 02:12:42,896 - INFO - Descompactando: D:\OPERACAO\OUTPUT_FILES\Estabelecimentos1.zip
2026-04-24 02:12:58,478 - INFO - Descompactando: D:\OPERACAO\OUTPUT_FILES\Estabelecimentos2.zip
2026-04-24 02:13:13,008 - INFO - Descompactando: D:\OPERACAO\OUTPUT_FILES\Estabelecimentos3.zip
2026-04-24 02:13:27,688 - INFO - Descompactando: D:\OPERACAO\OUTPUT_FILES\Estabelecimentos4.zip
2026-04-24 02:13:41,800 - INFO - Descompactando: D:\OPERACAO\OUTPUT_FILES\Estabelecimentos5.zip
2026-04-24 02:13:53,978 - INFO - Descompactando: D:\OPERACAO\OUTPUT_FILES\Estabelecimentos6.zip
2026-04-24 02:14:06,700 - INFO - Descompactando: D:\OPERACAO\OUTPUT_FILES\Estabelecimentos7.zip
2026-04-24 02:14:19,438 - INFO - Descompactando: D:\OPERACAO\OUTPUT_FILES\Estabelecimentos8.zip
2026-04-24 02:14:31,492 - INFO - Descompactando: D:\OPERACAO\OUTPUT_FILES\Estabelecimentos9.zip
2026-04-24 02:14:44,209 - INFO - Descompactando: D:\OPERACAO\OUTPUT_FILES\Motivos.zip
2026-04-24 02:14:44,212 - INFO - Descompactando: D:\OPERACAO\OUTPUT_FILES\Municipios.zip
2026-04-24 02:14:44,218 - INFO - Descompactando: D:\OPERACAO\OUTPUT_FILES\Naturezas.zip
2026-04-24 02:14:44,753 - INFO - Descompactando: D:\OPERACAO\OUTPUT_FILES\Paises.zip
2026-04-24 02:14:44,762 - INFO - Descompactando: D:\OPERACAO\OUTPUT_FILES\Qualificacoes.zip
2026-04-24 02:14:44,765 - INFO - Descompactando: D:\OPERACAO\OUTPUT_FILES\Simples.zip
2026-04-24 02:15:05,085 - INFO - Descompactando: D:\OPERACAO\OUTPUT_FILES\Socios0.zip
2026-04-24 02:15:14,302 - INFO - Descompactando: D:\OPERACAO\OUTPUT_FILES\Socios1.zip
2026-04-24 02:15:17,449 - INFO - Descompactando: D:\OPERACAO\OUTPUT_FILES\Socios2.zip
2026-04-24 02:15:18,004 - INFO - Descompactando: D:\OPERACAO\OUTPUT_FILES\Socios3.zip
2026-04-24 02:15:19,841 - INFO - Descompactando: D:\OPERACAO\OUTPUT_FILES\Socios4.zip
2026-04-24 02:15:22,607 - INFO - Descompactando: D:\OPERACAO\OUTPUT_FILES\Socios5.zip
2026-04-24 02:15:24,518 - INFO - Descompactando: D:\OPERACAO\OUTPUT_FILES\Socios6.zip
2026-04-24 02:15:27,492 - INFO - Descompactando: D:\OPERACAO\OUTPUT_FILES\Socios7.zip
2026-04-24 02:15:29,758 - INFO - Descompactando: D:\OPERACAO\OUTPUT_FILES\Socios8.zip
2026-04-24 02:15:30,663 - INFO - Descompactando: D:\OPERACAO\OUTPUT_FILES\Socios9.zip
2026-04-24 02:15:33,610 - INFO - Listando arquivos extraidos: 37
2026-04-24 02:15:33,610 - INFO - Categorizando arquivos...
2026-04-24 02:15:33,610 - INFO - Processando dados...
2026-04-24 02:15:33,624 - INFO - Conexão com o banco de dados estabelecida com sucesso
2026-04-24 02:15:33,624 - INFO - Versão do banco: 8.0.44
2026-04-24 02:15:33,637 - INFO - Tabela pais existe e será recriada (drop + create).
2026-04-24 02:15:33,687 - INFO - Tabela pais recriada com sucesso.
2026-04-24 02:15:33,687 - INFO - Processando arquivo: F.K03200$Z.D60411.PAISCSV
2026-04-24 02:15:35,397 - INFO - Inserido lote de 255 registros em pais (total: 1)
2026-04-24 02:15:35,415 - INFO - Processadas 255 linhas da tabela pais (chunk 1)
2026-04-24 02:15:35,416 - INFO - Total de 255 linhas processadas para tabela pais
2026-04-24 02:15:35,418 - INFO - Tabela munic existe e será recriada (drop + create).
2026-04-24 02:15:35,560 - INFO - Tabela munic recriada com sucesso.
2026-04-24 02:15:35,560 - INFO - Processando arquivo: F.K03200$Z.D60411.MUNICCSV
2026-04-24 02:15:36,888 - INFO - Inserido lote de 5572 registros em munic (total: 1)
2026-04-24 02:15:37,186 - INFO - Processadas 5572 linhas da tabela munic (chunk 1)
2026-04-24 02:15:37,186 - INFO - Total de 5572 linhas processadas para tabela munic
2026-04-24 02:15:37,188 - INFO - Tabela quals existe e será recriada (drop + create).
2026-04-24 02:15:37,248 - INFO - Tabela quals recriada com sucesso.
2026-04-24 02:15:37,248 - INFO - Processando arquivo: F.K03200$Z.D60411.QUALSCSV
2026-04-24 02:15:37,275 - INFO - Inserido lote de 68 registros em quals (total: 1)
2026-04-24 02:15:37,279 - INFO - Processadas 68 linhas da tabela quals (chunk 1)
2026-04-24 02:15:37,279 - INFO - Total de 68 linhas processadas para tabela quals
2026-04-24 02:15:37,281 - INFO - Tabela natju existe e será recriada (drop + create).
2026-04-24 02:15:37,314 - INFO - Tabela natju recriada com sucesso.
2026-04-24 02:15:37,314 - INFO - Processando arquivo: F.K03200$Z.D60411.NATJUCSV
2026-04-24 02:15:37,343 - INFO - Inserido lote de 91 registros em natju (total: 1)
2026-04-24 02:15:37,347 - INFO - Processadas 91 linhas da tabela natju (chunk 1)
2026-04-24 02:15:37,347 - INFO - Total de 91 linhas processadas para tabela natju
2026-04-24 02:15:37,348 - INFO - Tabela cnae existe e será recriada (drop + create).
2026-04-24 02:15:37,381 - INFO - Tabela cnae recriada com sucesso.
2026-04-24 02:15:37,381 - INFO - Processando arquivo: F.K03200$Z.D60411.CNAECSV
2026-04-24 02:15:37,739 - INFO - Inserido lote de 1359 registros em cnae (total: 1)
2026-04-24 02:15:37,745 - INFO - Processadas 1359 linhas da tabela cnae (chunk 1)
2026-04-24 02:15:37,746 - INFO - Total de 1359 linhas processadas para tabela cnae
2026-04-24 02:15:37,747 - INFO - Tabela empresa existe e será recriada (drop + create).
2026-04-24 02:15:37,785 - INFO - Tabela empresa recriada com sucesso.
2026-04-24 02:15:37,786 - INFO - Processando arquivo: K3241.K03200Y0.D60411.EMPRECSV
2026-04-24 02:15:41,735 - INFO - Inserido lote de 10000 registros em empresa (total: 1)
2026-04-24 02:15:44,380 - INFO - Inserido lote de 10000 registros em empresa (total: 2)
2026-04-24 02:15:46,996 - INFO - Inserido lote de 10000 registros em empresa (total: 3)
2026-04-24 02:15:49,617 - INFO - Inserido lote de 10000 registros em empresa (total: 4)
2026-04-24 02:15:52,620 - INFO - Inserido lote de 10000 registros em empresa (total: 5)
2026-04-24 02:15:52,620 - INFO - Processadas 50000 linhas da tabela empresa (chunk 1)
2026-04-24 02:15:56,205 - INFO - Inserido lote de 10000 registros em empresa (total: 1)
2026-04-24 02:15:58,860 - INFO - Inserido lote de 10000 registros em empresa (total: 2)
2026-04-24 02:16:01,486 - INFO - Inserido lote de 10000 registros em empresa (total: 3)
2026-04-24 02:16:04,167 - INFO - Inserido lote de 10000 registros em empresa (total: 4)
2026-04-24 02:16:06,872 - INFO - Inserido lote de 10000 registros em empresa (total: 5)
2026-04-24 02:16:06,872 - INFO - Processadas 100000 linhas da tabela empresa (chunk 2)
2026-04-24 02:16:10,074 - INFO - Inserido lote de 10000 registros em empresa (total: 1)
2026-04-24 02:16:12,701 - INFO - Inserido lote de 10000 registros em empresa (total: 2)
2026-04-24 02:16:15,323 - INFO - Inserido lote de 10000 registros em empresa (total: 3)
2026-04-24 02:16:17,984 - INFO - Inserido lote de 10000 registros em empresa (total: 4)
2026-04-24 02:16:20,713 - INFO - Inserido lote de 10000 registros em empresa (total: 5)
2026-04-24 02:16:20,713 - INFO - Processadas 150000 linhas da tabela empresa (chunk 3)
2026-04-24 02:16:23,970 - INFO - Inserido lote de 10000 registros em empresa (total: 1)
2026-04-24 02:16:26,631 - INFO - Inserido lote de 10000 registros em empresa (total: 2)
2026-04-24 02:16:29,438 - INFO - Inserido lote de 10000 registros em empresa (total: 3)
2026-04-24 02:16:32,110 - INFO - Inserido lote de 10000 registros em empresa (total: 4)
2026-04-24 02:16:34,805 - INFO - Inserido lote de 10000 registros em empresa (total: 5)
2026-04-24 02:16:34,806 - INFO - Processadas 200000 linhas da tabela empresa (chunk 4)
2026-04-24 02:16:37,973 - INFO - Inserido lote de 10000 registros em empresa (total: 1)
2026-04-24 02:16:40,604 - INFO - Inserido lote de 10000 registros em empresa (total: 2)
2026-04-24 02:16:43,232 - INFO - Inserido lote de 10000 registros em empresa (total: 3)
2026-04-24 02:16:45,889 - INFO - Inserido lote de 10000 registros em empresa (total: 4)
2026-04-24 02:16:48,563 - INFO - Inserido lote de 10000 registros em empresa (total: 5)
2026-04-24 02:16:48,564 - INFO - Processadas 250000 linhas da tabela empresa (chunk 5)
2026-04-24 02:16:51,741 - INFO - Inserido lote de 10000 registros em empresa (total: 1)
2026-04-24 02:16:54,367 - INFO - Inserido lote de 10000 registros em empresa (total: 2)
2026-04-24 02:16:57,026 - INFO - Inserido lote de 10000 registros em empresa (total: 3)
2026-04-24 02:16:59,725 - INFO - Inserido lote de 10000 registros em empresa (total: 4)
2026-04-24 02:17:02,431 - INFO - Inserido lote de 10000 registros em empresa (total: 5)
2026-04-24 02:17:02,432 - INFO - Processadas 300000 linhas da tabela empresa (chunk 6)
2026-04-24 02:17:05,595 - INFO - Inserido lote de 10000 registros em empresa (total: 1)
2026-04-24 02:17:08,262 - INFO - Inserido lote de 10000 registros em empresa (total: 2)
2026-04-24 02:17:10,872 - INFO - Inserido lote de 10000 registros em empresa (total: 3)
2026-04-24 02:17:13,515 - INFO - Inserido lote de 10000 registros em empresa (total: 4)
2026-04-24 02:17:16,190 - INFO - Inserido lote de 10000 registros em empresa (total: 5)
2026-04-24 02:17:16,190 - INFO - Processadas 350000 linhas da tabela empresa (chunk 7)
2026-04-24 02:17:19,674 - INFO - Inserido lote de 10000 registros em empresa (total: 1)
2026-04-24 02:17:22,338 - INFO - Inserido lote de 10000 registros em empresa (total: 2)
2026-04-24 02:17:24,973 - INFO - Inserido lote de 10000 registros em empresa (total: 3)
2026-04-24 02:17:27,648 - INFO - Inserido lote de 10000 registros em empresa (total: 4)
2026-04-24 02:17:30,366 - INFO - Inserido lote de 10000 registros em empresa (total: 5)
2026-04-24 02:17:30,367 - INFO - Processadas 400000 linhas da tabela empresa (chunk 8)
2026-04-24 02:17:33,560 - INFO - Inserido lote de 10000 registros em empresa (total: 1)
2026-04-24 02:17:36,201 - INFO - Inserido lote de 10000 registros em empresa (total: 2)
2026-04-24 02:17:38,859 - INFO - Inserido lote de 10000 registros em empresa (total: 3)
2026-04-24 02:17:41,604 - INFO - Inserido lote de 10000 registros em empresa (total: 4)
2026-04-24 02:17:44,306 - INFO - Inserido lote de 10000 registros em empresa (total: 5)
2026-04-24 02:17:44,307 - INFO - Processadas 450000 linhas da tabela empresa (chunk 9)
2026-04-24 02:17:47,486 - INFO - Inserido lote de 10000 registros em empresa (total: 1)
2026-04-24 02:17:50,135 - INFO - Inserido lote de 10000 registros em empresa (total: 2)
2026-04-24 02:17:52,799 - INFO - Inserido lote de 10000 registros em empresa (total: 3)
2026-04-24 02:17:55,508 - INFO - Inserido lote de 10000 registros em empresa (total: 4)
2026-04-24 02:17:58,214 - INFO - Inserido lote de 10000 registros em empresa (total: 5)
2026-04-24 02:17:58,215 - INFO - Processadas 500000 linhas da tabela empresa (chunk 10)
2026-04-24 02:18:01,455 - INFO - Inserido lote de 10000 registros em empresa (total: 1)
2026-04-24 02:18:04,126 - INFO - Inserido lote de 10000 registros em empresa (total: 2)
2026-04-24 02:18:06,788 - INFO - Inserido lote de 10000 registros em empresa (total: 3)
2026-04-24 02:18:09,453 - INFO - Inserido lote de 10000 registros em empresa (total: 4)
2026-04-24 02:18:12,158 - INFO - Inserido lote de 10000 registros em empresa (total: 5)
2026-04-24 02:18:12,159 - INFO - Processadas 550000 linhas da tabela empresa (chunk 11)
2026-04-24 02:18:15,327 - INFO - Inserido lote de 10000 registros em empresa (total: 1)
2026-04-24 02:18:18,018 - INFO - Inserido lote de 10000 registros em empresa (total: 2)
2026-04-24 02:18:20,739 - INFO - Inserido lote de 10000 registros em empresa (total: 3)
2026-04-24 02:18:23,481 - INFO - Inserido lote de 10000 registros em empresa (total: 4)
2026-04-24 02:18:26,274 - INFO - Inserido lote de 10000 registros em empresa (total: 5)
2026-04-24 02:18:26,274 - INFO - Processadas 600000 linhas da tabela empresa (chunk 12)
2026-04-24 02:18:29,581 - INFO - Inserido lote de 10000 registros em empresa (total: 1)
2026-04-24 02:18:32,275 - INFO - Inserido lote de 10000 registros em empresa (total: 2)
2026-04-24 02:18:35,026 - INFO - Inserido lote de 10000 registros em empresa (total: 3)
2026-04-24 02:18:37,730 - INFO - Inserido lote de 10000 registros em empresa (total: 4)
2026-04-24 02:18:40,484 - INFO - Inserido lote de 10000 registros em empresa (total: 5)
2026-04-24 02:18:40,485 - INFO - Processadas 650000 linhas da tabela empresa (chunk 13)
2026-04-24 02:18:43,818 - INFO - Inserido lote de 10000 registros em empresa (total: 1)
2026-04-24 02:18:46,639 - INFO - Inserido lote de 10000 registros em empresa (total: 2)
2026-04-24 02:18:49,355 - INFO - Inserido lote de 10000 registros em empresa (total: 3)
2026-04-24 02:18:52,062 - INFO - Inserido lote de 10000 registros em empresa (total: 4)
2026-04-24 02:18:54,733 - INFO - Inserido lote de 10000 registros em empresa (total: 5)
2026-04-24 02:18:54,733 - INFO - Processadas 700000 linhas da tabela empresa (chunk 14)
2026-04-24 02:18:58,092 - INFO - Inserido lote de 10000 registros em empresa (total: 1)
2026-04-24 02:19:00,796 - INFO - Inserido lote de 10000 registros em empresa (total: 2)
2026-04-24 02:19:03,454 - INFO - Inserido lote de 10000 registros em empresa (total: 3)
2026-04-24 02:19:06,097 - INFO - Inserido lote de 10000 registros em empresa (total: 4)
2026-04-24 02:19:08,931 - INFO - Inserido lote de 10000 registros em empresa (total: 5)
2026-04-24 02:19:08,932 - INFO - Processadas 750000 linhas da tabela empresa (chunk 15)
2026-04-24 02:19:12,089 - INFO - Inserido lote de 10000 registros em empresa (total: 1)
2026-04-24 02:19:14,736 - INFO - Inserido lote de 10000 registros em empresa (total: 2)
2026-04-24 02:19:17,408 - INFO - Inserido lote de 10000 registros em empresa (total: 3)
2026-04-24 02:19:20,085 - INFO - Inserido lote de 10000 registros em empresa (total: 4)
2026-04-24 02:19:23,116 - INFO - Inserido lote de 10000 registros em empresa (total: 5)
2026-04-24 02:19:23,117 - INFO - Processadas 800000 linhas da tabela empresa (chunk 16)
2026-04-24 02:19:26,253 - INFO - Inserido lote de 10000 registros em empresa (total: 1)
2026-04-24 02:19:28,876 - INFO - Inserido lote de 10000 registros em empresa (total: 2)
2026-04-24 02:19:31,510 - INFO - Inserido lote de 10000 registros em empresa (total: 3)
2026-04-24 02:19:34,145 - INFO - Inserido lote de 10000 registros em empresa (total: 4)
2026-04-24 02:19:36,830 - INFO - Inserido lote de 10000 registros em empresa (total: 5)
2026-04-24 02:19:36,830 - INFO - Processadas 850000 linhas da tabela empresa (chunk 17)
2026-04-24 02:19:39,988 - INFO - Inserido lote de 10000 registros em empresa (total: 1)
2026-04-24 02:19:42,668 - INFO - Inserido lote de 10000 registros em empresa (total: 2)
2026-04-24 02:19:45,312 - INFO - Inserido lote de 10000 registros em empresa (total: 3)
2026-04-24 02:19:47,958 - INFO - Inserido lote de 10000 registros em empresa (total: 4)
2026-04-24 02:19:50,648 - INFO - Inserido lote de 10000 registros em empresa (total: 5)
2026-04-24 02:19:50,648 - INFO - Processadas 900000 linhas da tabela empresa (chunk 18)
2026-04-24 02:19:53,787 - INFO - Inserido lote de 10000 registros em empresa (total: 1)
2026-04-24 02:19:56,432 - INFO - Inserido lote de 10000 registros em empresa (total: 2)
2026-04-24 02:19:59,053 - INFO - Inserido lote de 10000 registros em empresa (total: 3)
2026-04-24 02:20:01,699 - INFO - Inserido lote de 10000 registros em empresa (total: 4)
2026-04-24 02:20:04,418 - INFO - Inserido lote de 10000 registros em empresa (total: 5)
2026-04-24 02:20:04,419 - INFO - Processadas 950000 linhas da tabela empresa (chunk 19)
2026-04-24 02:20:07,630 - INFO - Inserido lote de 10000 registros em empresa (total: 1)
2026-04-24 02:20:10,267 - INFO - Inserido lote de 10000 registros em empresa (total: 2)
2026-04-24 02:20:13,002 - INFO - Inserido lote de 10000 registros em empresa (total: 3)
2026-04-24 02:20:15,795 - INFO - Inserido lote de 10000 registros em empresa (total: 4)
2026-04-24 02:20:18,575 - INFO - Inserido lote de 10000 registros em empresa (total: 5)
2026-04-24 02:20:18,576 - INFO - Processadas 1000000 linhas da tabela empresa (chunk 20)
2026-04-24 02:20:21,761 - INFO - Inserido lote de 10000 registros em empresa (total: 1)
2026-04-24 02:20:24,373 - INFO - Inserido lote de 10000 registros em empresa (total: 2)
2026-04-24 02:20:27,023 - INFO - Inserido lote de 10000 registros em empresa (total: 3)
2026-04-24 02:20:29,654 - INFO - Inserido lote de 10000 registros em empresa (total: 4)
2026-04-24 02:20:32,372 - INFO - Inserido lote de 10000 registros em empresa (total: 5)
2026-04-24 02:20:32,373 - INFO - Processadas 1050000 linhas da tabela empresa (chunk 21)
2026-04-24 02:20:35,567 - INFO - Inserido lote de 10000 registros em empresa (total: 1)
2026-04-24 02:20:38,188 - INFO - Inserido lote de 10000 registros em empresa (total: 2)
2026-04-24 02:20:40,918 - INFO - Inserido lote de 10000 registros em empresa (total: 3)
2026-04-24 02:20:43,601 - INFO - Inserido lote de 10000 registros em empresa (total: 4)
2026-04-24 02:20:46,352 - INFO - Inserido lote de 10000 registros em empresa (total: 5)
2026-04-24 02:20:46,353 - INFO - Processadas 1100000 linhas da tabela empresa (chunk 22)
2026-04-24 02:20:49,520 - INFO - Inserido lote de 10000 registros em empresa (total: 1)
2026-04-24 02:20:52,161 - INFO - Inserido lote de 10000 registros em empresa (total: 2)
2026-04-24 02:20:54,808 - INFO - Inserido lote de 10000 registros em empresa (total: 3)
2026-04-24 02:20:57,433 - INFO - Inserido lote de 10000 registros em empresa (total: 4)
2026-04-24 02:21:00,103 - INFO - Inserido lote de 10000 registros em empresa (total: 5)
2026-04-24 02:21:00,103 - INFO - Processadas 1150000 linhas da tabela empresa (chunk 23)
2026-04-24 02:21:03,299 - INFO - Inserido lote de 10000 registros em empresa (total: 1)
2026-04-24 02:21:05,927 - INFO - Inserido lote de 10000 registros em empresa (total: 2)
2026-04-24 02:21:08,530 - INFO - Inserido lote de 10000 registros em empresa (total: 3)
2026-04-24 02:21:11,160 - INFO - Inserido lote de 10000 registros em empresa (total: 4)
2026-04-24 02:21:13,841 - INFO - Inserido lote de 10000 registros em empresa (total: 5)
2026-04-24 02:21:13,842 - INFO - Processadas 1200000 linhas da tabela empresa (chunk 24)
2026-04-24 02:21:17,014 - INFO - Inserido lote de 10000 registros em empresa (total: 1)
2026-04-24 02:21:19,626 - INFO - Inserido lote de 10000 registros em empresa (total: 2)
2026-04-24 02:21:22,280 - INFO - Inserido lote de 10000 registros em empresa (total: 3)
2026-04-24 02:21:24,894 - INFO - Inserido lote de 10000 registros em empresa (total: 4)
2026-04-24 02:21:27,602 - INFO - Inserido lote de 10000 registros em empresa (total: 5)
2026-04-24 02:21:27,602 - INFO - Processadas 1250000 linhas da tabela empresa (chunk 25)
2026-04-24 02:21:30,790 - INFO - Inserido lote de 10000 registros em empresa (total: 1)
2026-04-24 02:21:33,423 - INFO - Inserido lote de 10000 registros em empresa (total: 2)
2026-04-24 02:21:36,049 - INFO - Inserido lote de 10000 registros em empresa (total: 3)
2026-04-24 02:21:38,662 - INFO - Inserido lote de 10000 registros em empresa (total: 4)
2026-04-24 02:21:41,330 - INFO - Inserido lote de 10000 registros em empresa (total: 5)
2026-04-24 02:21:41,330 - INFO - Processadas 1300000 linhas da tabela empresa (chunk 26)
2026-04-24 02:21:44,493 - INFO - Inserido lote de 10000 registros em empresa (total: 1)
2026-04-24 02:21:47,141 - INFO - Inserido lote de 10000 registros em empresa (total: 2)
2026-04-24 02:21:49,792 - INFO - Inserido lote de 10000 registros em empresa (total: 3)
2026-04-24 02:21:52,455 - INFO - Inserido lote de 10000 registros em empresa (total: 4)
2026-04-24 02:21:55,153 - INFO - Inserido lote de 10000 registros em empresa (total: 5)
2026-04-24 02:21:55,153 - INFO - Processadas 1350000 linhas da tabela empresa (chunk 27)
2026-04-24 02:21:58,303 - INFO - Inserido lote de 10000 registros em empresa (total: 1)
2026-04-24 02:22:00,918 - INFO - Inserido lote de 10000 registros em empresa (total: 2)
2026-04-24 02:22:03,550 - INFO - Inserido lote de 10000 registros em empresa (total: 3)
2026-04-24 02:22:06,175 - INFO - Inserido lote de 10000 registros em empresa (total: 4)
2026-04-24 02:22:08,879 - INFO - Inserido lote de 10000 registros em empresa (total: 5)
2026-04-24 02:22:08,879 - INFO - Processadas 1400000 linhas da tabela empresa (chunk 28)
2026-04-24 02:22:12,076 - INFO - Inserido lote de 10000 registros em empresa (total: 1)
2026-04-24 02:22:14,770 - INFO - Inserido lote de 10000 registros em empresa (total: 2)
2026-04-24 02:22:17,445 - INFO - Inserido lote de 10000 registros em empresa (total: 3)
2026-04-24 02:22:20,115 - INFO - Inserido lote de 10000 registros em empresa (total: 4)
2026-04-24 02:22:22,828 - INFO - Inserido lote de 10000 registros em empresa (total: 5)
2026-04-24 02:22:22,828 - INFO - Processadas 1450000 linhas da tabela empresa (chunk 29)
2026-04-24 02:22:26,260 - INFO - Inserido lote de 10000 registros em empresa (total: 1)
2026-04-24 02:22:28,942 - INFO - Inserido lote de 10000 registros em empresa (total: 2)
2026-04-24 02:22:31,590 - INFO - Inserido lote de 10000 registros em empresa (total: 3)
2026-04-24 02:22:34,233 - INFO - Inserido lote de 10000 registros em empresa (total: 4)
2026-04-24 02:22:36,973 - INFO - Inserido lote de 10000 registros em empresa (total: 5)
2026-04-24 02:22:36,974 - INFO - Processadas 1500000 linhas da tabela empresa (chunk 30)
2026-04-24 02:22:40,323 - INFO - Inserido lote de 10000 registros em empresa (total: 1)
2026-04-24 02:22:42,993 - INFO - Inserido lote de 10000 registros em empresa (total: 2)
2026-04-24 02:22:45,661 - INFO - Inserido lote de 10000 registros em empresa (total: 3)
2026-04-24 02:22:48,307 - INFO - Inserido lote de 10000 registros em empresa (total: 4)
2026-04-24 02:22:52,901 - INFO - Inserido lote de 10000 registros em empresa (total: 5)
2026-04-24 02:22:52,902 - INFO - Processadas 1550000 linhas da tabela empresa (chunk 31)
2026-04-24 02:22:56,145 - INFO - Inserido lote de 10000 registros em empresa (total: 1)
2026-04-24 02:22:58,798 - INFO - Inserido lote de 10000 registros em empresa (total: 2)
2026-04-24 02:23:01,516 - INFO - Inserido lote de 10000 registros em empresa (total: 3)
2026-04-24 02:23:04,181 - INFO - Inserido lote de 10000 registros em empresa (total: 4)
2026-04-24 02:23:06,842 - INFO - Inserido lote de 10000 registros em empresa (total: 5)
2026-04-24 02:23:06,842 - INFO - Processadas 1600000 linhas da tabela empresa (chunk 32)
2026-04-24 02:23:10,016 - INFO - Inserido lote de 10000 registros em empresa (total: 1)
2026-04-24 02:23:12,656 - INFO - Inserido lote de 10000 registros em empresa (total: 2)
2026-04-24 02:23:15,269 - INFO - Inserido lote de 10000 registros em empresa (total: 3)
2026-04-24 02:23:17,924 - INFO - Inserido lote de 10000 registros em empresa (total: 4)
2026-04-24 02:23:20,614 - INFO - Inserido lote de 10000 registros em empresa (total: 5)
2026-04-24 02:23:20,614 - INFO - Processadas 1650000 linhas da tabela empresa (chunk 33)
2026-04-24 02:23:23,760 - INFO - Inserido lote de 10000 registros em empresa (total: 1)
2026-04-24 02:23:26,408 - INFO - Inserido lote de 10000 registros em empresa (total: 2)
2026-04-24 02:23:29,069 - INFO - Inserido lote de 10000 registros em empresa (total: 3)
2026-04-24 02:23:31,748 - INFO - Inserido lote de 10000 registros em empresa (total: 4)
2026-04-24 02:23:34,457 - INFO - Inserido lote de 10000 registros em empresa (total: 5)
2026-04-24 02:23:34,458 - INFO - Processadas 1700000 linhas da tabela empresa (chunk 34)
2026-04-24 02:23:37,648 - INFO - Inserido lote de 10000 registros em empresa (total: 1)
2026-04-24 02:23:40,281 - INFO - Inserido lote de 10000 registros em empresa (total: 2)
2026-04-24 02:23:43,033 - INFO - Inserido lote de 10000 registros em empresa (total: 3)
2026-04-24 02:23:45,701 - INFO - Inserido lote de 10000 registros em empresa (total: 4)
2026-04-24 02:23:48,406 - INFO - Inserido lote de 10000 registros em empresa (total: 5)
2026-04-24 02:23:48,406 - INFO - Processadas 1750000 linhas da tabela empresa (chunk 35)
2026-04-24 02:23:51,589 - INFO - Inserido lote de 10000 registros em empresa (total: 1)
2026-04-24 02:23:54,204 - INFO - Inserido lote de 10000 registros em empresa (total: 2)
2026-04-24 02:23:56,866 - INFO - Inserido lote de 10000 registros em empresa (total: 3)
2026-04-24 02:23:59,524 - INFO - Inserido lote de 10000 registros em empresa (total: 4)
2026-04-24 02:24:02,214 - INFO - Inserido lote de 10000 registros em empresa (total: 5)
2026-04-24 02:24:02,215 - INFO - Processadas 1800000 linhas da tabela empresa (chunk 36)
2026-04-24 02:24:05,490 - INFO - Inserido lote de 10000 registros em empresa (total: 1)
2026-04-24 02:24:08,141 - INFO - Inserido lote de 10000 registros em empresa (total: 2)
2026-04-24 02:24:10,833 - INFO - Inserido lote de 10000 registros em empresa (total: 3)
2026-04-24 02:24:13,543 - INFO - Inserido lote de 10000 registros em empresa (total: 4)
2026-04-24 02:24:16,581 - INFO - Inserido lote de 10000 registros em empresa (total: 5)
2026-04-24 02:24:16,582 - INFO - Processadas 1850000 linhas da tabela empresa (chunk 37)
2026-04-24 02:24:20,105 - INFO - Inserido lote de 10000 registros em empresa (total: 1)
2026-04-24 02:24:22,780 - INFO - Inserido lote de 10000 registros em empresa (total: 2)
2026-04-24 02:24:25,453 - INFO - Inserido lote de 10000 registros em empresa (total: 3)
2026-04-24 02:24:28,096 - INFO - Inserido lote de 10000 registros em empresa (total: 4)
2026-04-24 02:24:30,852 - INFO - Inserido lote de 10000 registros em empresa (total: 5)
2026-04-24 02:24:30,853 - INFO - Processadas 1900000 linhas da tabela empresa (chunk 38)
2026-04-24 02:24:34,047 - INFO - Inserido lote de 10000 registros em empresa (total: 1)
2026-04-24 02:24:36,743 - INFO - Inserido lote de 10000 registros em empresa (total: 2)
2026-04-24 02:24:39,431 - INFO - Inserido lote de 10000 registros em empresa (total: 3)
2026-04-24 02:24:42,087 - INFO - Inserido lote de 10000 registros em empresa (total: 4)
2026-04-24 02:24:44,839 - INFO - Inserido lote de 10000 registros em empresa (total: 5)
2026-04-24 02:24:44,839 - INFO - Processadas 1950000 linhas da tabela empresa (chunk 39)
2026-04-24 02:24:48,363 - INFO - Inserido lote de 10000 registros em empresa (total: 1)
2026-04-24 02:24:51,047 - INFO - Inserido lote de 10000 registros em empresa (total: 2)
2026-04-24 02:24:53,734 - INFO - Inserido lote de 10000 registros em empresa (total: 3)
2026-04-24 02:24:56,426 - INFO - Inserido lote de 10000 registros em empresa (total: 4)
2026-04-24 02:24:59,155 - INFO - Inserido lote de 10000 registros em empresa (total: 5)
2026-04-24 02:24:59,156 - INFO - Processadas 2000000 linhas da tabela empresa (chunk 40)
2026-04-24 02:25:02,915 - INFO - Inserido lote de 10000 registros em empresa (total: 1)
2026-04-24 02:25:05,597 - INFO - Inserido lote de 10000 registros em empresa (total: 2)
2026-04-24 02:25:08,270 - INFO - Inserido lote de 10000 registros em empresa (total: 3)
2026-04-24 02:25:10,937 - INFO - Inserido lote de 10000 registros em empresa (total: 4)
2026-04-24 02:25:13,636 - INFO - Inserido lote de 10000 registros em empresa (total: 5)
2026-04-24 02:25:13,637 - INFO - Processadas 2050000 linhas da tabela empresa (chunk 41)
2026-04-24 02:25:16,867 - INFO - Inserido lote de 10000 registros em empresa (total: 1)
2026-04-24 02:25:19,523 - INFO - Inserido lote de 10000 registros em empresa (total: 2)
2026-04-24 02:25:22,199 - INFO - Inserido lote de 10000 registros em empresa (total: 3)
2026-04-24 02:25:24,955 - INFO - Inserido lote de 10000 registros em empresa (total: 4)
2026-04-24 02:25:27,770 - INFO - Inserido lote de 10000 registros em empresa (total: 5)
2026-04-24 02:25:27,770 - INFO - Processadas 2100000 linhas da tabela empresa (chunk 42)
2026-04-24 02:25:30,973 - INFO - Inserido lote de 10000 registros em empresa (total: 1)
2026-04-24 02:25:33,750 - INFO - Inserido lote de 10000 registros em empresa (total: 2)
2026-04-24 02:25:36,451 - INFO - Inserido lote de 10000 registros em empresa (total: 3)
2026-04-24 02:25:39,122 - INFO - Inserido lote de 10000 registros em empresa (total: 4)
2026-04-24 02:25:41,849 - INFO - Inserido lote de 10000 registros em empresa (total: 5)
2026-04-24 02:25:41,850 - INFO - Processadas 2150000 linhas da tabela empresa (chunk 43)
2026-04-24 02:25:45,043 - INFO - Inserido lote de 10000 registros em empresa (total: 1)
2026-04-24 02:25:47,786 - INFO - Inserido lote de 10000 registros em empresa (total: 2)
2026-04-24 02:25:50,448 - INFO - Inserido lote de 10000 registros em empresa (total: 3)
2026-04-24 02:25:53,132 - INFO - Inserido lote de 10000 registros em empresa (total: 4)
2026-04-24 02:25:55,840 - INFO - Inserido lote de 10000 registros em empresa (total: 5)
2026-04-24 02:25:55,841 - INFO - Processadas 2200000 linhas da tabela empresa (chunk 44)
2026-04-24 02:25:58,998 - INFO - Inserido lote de 10000 registros em empresa (total: 1)
2026-04-24 02:26:01,694 - INFO - Inserido lote de 10000 registros em empresa (total: 2)
2026-04-24 02:26:04,402 - INFO - Inserido lote de 10000 registros em empresa (total: 3)
2026-04-24 02:26:07,078 - INFO - Inserido lote de 10000 registros em empresa (total: 4)
2026-04-24 02:26:09,805 - INFO - Inserido lote de 10000 registros em empresa (total: 5)
2026-04-24 02:26:09,805 - INFO - Processadas 2250000 linhas da tabela empresa (chunk 45)
2026-04-24 02:26:13,007 - INFO - Inserido lote de 10000 registros em empresa (total: 1)
2026-04-24 02:26:15,709 - INFO - Inserido lote de 10000 registros em empresa (total: 2)
2026-04-24 02:26:18,379 - INFO - Inserido lote de 10000 registros em empresa (total: 3)
2026-04-24 02:26:21,023 - INFO - Inserido lote de 10000 registros em empresa (total: 4)
2026-04-24 02:26:23,741 - INFO - Inserido lote de 10000 registros em empresa (total: 5)
2026-04-24 02:26:23,741 - INFO - Processadas 2300000 linhas da tabela empresa (chunk 46)
2026-04-24 02:26:26,924 - INFO - Inserido lote de 10000 registros em empresa (total: 1)
2026-04-24 02:26:29,549 - INFO - Inserido lote de 10000 registros em empresa (total: 2)
2026-04-24 02:26:32,189 - INFO - Inserido lote de 10000 registros em empresa (total: 3)
2026-04-24 02:26:34,837 - INFO - Inserido lote de 10000 registros em empresa (total: 4)
2026-04-24 02:26:37,534 - INFO - Inserido lote de 10000 registros em empresa (total: 5)
2026-04-24 02:26:37,534 - INFO - Processadas 2350000 linhas da tabela empresa (chunk 47)
2026-04-24 02:26:40,743 - INFO - Inserido lote de 10000 registros em empresa (total: 1)
2026-04-24 02:26:43,376 - INFO - Inserido lote de 10000 registros em empresa (total: 2)
2026-04-24 02:26:46,025 - INFO - Inserido lote de 10000 registros em empresa (total: 3)
2026-04-24 02:26:48,675 - INFO - Inserido lote de 10000 registros em empresa (total: 4)
2026-04-24 02:26:51,335 - INFO - Inserido lote de 10000 registros em empresa (total: 5)
2026-04-24 02:26:51,336 - INFO - Processadas 2400000 linhas da tabela empresa (chunk 48)
2026-04-24 02:26:54,558 - INFO - Inserido lote de 10000 registros em empresa (total: 1)
2026-04-24 02:26:57,255 - INFO - Inserido lote de 10000 registros em empresa (total: 2)
2026-04-24 02:27:00,017 - INFO - Inserido lote de 10000 registros em empresa (total: 3)
2026-04-24 02:27:02,649 - INFO - Inserido lote de 10000 registros em empresa (total: 4)
2026-04-24 02:27:05,375 - INFO - Inserido lote de 10000 registros em empresa (total: 5)
2026-04-24 02:27:05,376 - INFO - Processadas 2450000 linhas da tabela empresa (chunk 49)
2026-04-24 02:27:08,596 - INFO - Inserido lote de 10000 registros em empresa (total: 1)
2026-04-24 02:27:11,260 - INFO - Inserido lote de 10000 registros em empresa (total: 2)
2026-04-24 02:27:13,922 - INFO - Inserido lote de 10000 registros em empresa (total: 3)
2026-04-24 02:27:16,580 - INFO - Inserido lote de 10000 registros em empresa (total: 4)
2026-04-24 02:27:19,294 - INFO - Inserido lote de 10000 registros em empresa (total: 5)
2026-04-24 02:27:19,295 - INFO - Processadas 2500000 linhas da tabela empresa (chunk 50)
2026-04-24 02:27:22,595 - INFO - Inserido lote de 10000 registros em empresa (total: 1)
2026-04-24 02:27:25,237 - INFO - Inserido lote de 10000 registros em empresa (total: 2)
2026-04-24 02:27:27,896 - INFO - Inserido lote de 10000 registros em empresa (total: 3)
2026-04-24 02:27:30,556 - INFO - Inserido lote de 10000 registros em empresa (total: 4)
2026-04-24 02:27:33,369 - INFO - Inserido lote de 10000 registros em empresa (total: 5)
2026-04-24 02:27:33,370 - INFO - Processadas 2550000 linhas da tabela empresa (chunk 51)
2026-04-24 02:27:37,259 - INFO - Inserido lote de 10000 registros em empresa (total: 1)
2026-04-24 02:27:40,088 - INFO - Inserido lote de 10000 registros em empresa (total: 2)
2026-04-24 02:27:42,916 - INFO - Inserido lote de 10000 registros em empresa (total: 3)
2026-04-24 02:27:45,560 - INFO - Inserido lote de 10000 registros em empresa (total: 4)
2026-04-24 02:27:48,253 - INFO - Inserido lote de 10000 registros em empresa (total: 5)
2026-04-24 02:27:48,253 - INFO - Processadas 2600000 linhas da tabela empresa (chunk 52)
2026-04-24 02:27:51,736 - INFO - Inserido lote de 10000 registros em empresa (total: 1)
2026-04-24 02:27:54,384 - INFO - Inserido lote de 10000 registros em empresa (total: 2)
2026-04-24 02:27:57,094 - INFO - Inserido lote de 10000 registros em empresa (total: 3)
2026-04-24 02:27:59,752 - INFO - Inserido lote de 10000 registros em empresa (total: 4)
2026-04-24 02:28:02,510 - INFO - Inserido lote de 10000 registros em empresa (total: 5)
2026-04-24 02:28:02,510 - INFO - Processadas 2650000 linhas da tabela empresa (chunk 53)
2026-04-24 02:28:06,027 - INFO - Inserido lote de 10000 registros em empresa (total: 1)
2026-04-24 02:28:08,684 - INFO - Inserido lote de 10000 registros em empresa (total: 2)
2026-04-24 02:28:11,354 - INFO - Inserido lote de 10000 registros em empresa (total: 3)
2026-04-24 02:28:14,027 - INFO - Inserido lote de 10000 registros em empresa (total: 4)
2026-04-24 02:28:16,776 - INFO - Inserido lote de 10000 registros em empresa (total: 5)
2026-04-24 02:28:16,776 - INFO - Processadas 2700000 linhas da tabela empresa (chunk 54)
2026-04-24 02:28:20,012 - INFO - Inserido lote de 10000 registros em empresa (total: 1)
2026-04-24 02:28:22,692 - INFO - Inserido lote de 10000 registros em empresa (total: 2)
2026-04-24 02:28:25,357 - INFO - Inserido lote de 10000 registros em empresa (total: 3)
2026-04-24 02:28:28,038 - INFO - Inserido lote de 10000 registros em empresa (total: 4)
2026-04-24 02:28:30,808 - INFO - Inserido lote de 10000 registros em empresa (total: 5)
2026-04-24 02:28:30,809 - INFO - Processadas 2750000 linhas da tabela empresa (chunk 55)
2026-04-24 02:28:34,039 - INFO - Inserido lote de 10000 registros em empresa (total: 1)
2026-04-24 02:28:36,719 - INFO - Inserido lote de 10000 registros em empresa (total: 2)
2026-04-24 02:28:39,436 - INFO - Inserido lote de 10000 registros em empresa (total: 3)
2026-04-24 02:28:42,120 - INFO - Inserido lote de 10000 registros em empresa (total: 4)
2026-04-24 02:28:44,842 - INFO - Inserido lote de 10000 registros em empresa (total: 5)
2026-04-24 02:28:44,842 - INFO - Processadas 2800000 linhas da tabela empresa (chunk 56)
2026-04-24 02:28:48,038 - INFO - Inserido lote de 10000 registros em empresa (total: 1)
2026-04-24 02:28:50,680 - INFO - Inserido lote de 10000 registros em empresa (total: 2)
2026-04-24 02:28:53,304 - INFO - Inserido lote de 10000 registros em empresa (total: 3)
2026-04-24 02:28:55,979 - INFO - Inserido lote de 10000 registros em empresa (total: 4)
2026-04-24 02:28:58,721 - INFO - Inserido lote de 10000 registros em empresa (total: 5)
2026-04-24 02:28:58,721 - INFO - Processadas 2850000 linhas da tabela empresa (chunk 57)
2026-04-24 02:29:01,901 - INFO - Inserido lote de 10000 registros em empresa (total: 1)
2026-04-24 02:29:04,572 - INFO - Inserido lote de 10000 registros em empresa (total: 2)
2026-04-24 02:29:07,213 - INFO - Inserido lote de 10000 registros em empresa (total: 3)
2026-04-24 02:29:09,860 - INFO - Inserido lote de 10000 registros em empresa (total: 4)
2026-04-24 02:29:12,515 - INFO - Inserido lote de 10000 registros em empresa (total: 5)
2026-04-24 02:29:12,515 - INFO - Processadas 2900000 linhas da tabela empresa (chunk 58)
2026-04-24 02:29:15,728 - INFO - Inserido lote de 10000 registros em empresa (total: 1)
2026-04-24 02:29:18,407 - INFO - Inserido lote de 10000 registros em empresa (total: 2)
2026-04-24 02:29:21,082 - INFO - Inserido lote de 10000 registros em empresa (total: 3)
2026-04-24 02:29:23,735 - INFO - Inserido lote de 10000 registros em empresa (total: 4)
2026-04-24 02:29:26,511 - INFO - Inserido lote de 10000 registros em empresa (total: 5)
2026-04-24 02:29:26,512 - INFO - Processadas 2950000 linhas da tabela empresa (chunk 59)
2026-04-24 02:29:31,611 - INFO - Inserido lote de 10000 registros em empresa (total: 1)
2026-04-24 02:29:34,311 - INFO - Inserido lote de 10000 registros em empresa (total: 2)
2026-04-24 02:29:36,918 - INFO - Inserido lote de 10000 registros em empresa (total: 3)
2026-04-24 02:29:39,548 - INFO - Inserido lote de 10000 registros em empresa (total: 4)
2026-04-24 02:29:42,262 - INFO - Inserido lote de 10000 registros em empresa (total: 5)
2026-04-24 02:29:42,263 - INFO - Processadas 3000000 linhas da tabela empresa (chunk 60)
2026-04-24 02:29:45,455 - INFO - Inserido lote de 10000 registros em empresa (total: 1)
2026-04-24 02:29:48,104 - INFO - Inserido lote de 10000 registros em empresa (total: 2)
2026-04-24 02:29:50,857 - INFO - Inserido lote de 10000 registros em empresa (total: 3)
2026-04-24 02:29:53,526 - INFO - Inserido lote de 10000 registros em empresa (total: 4)
2026-04-24 02:29:56,208 - INFO - Inserido lote de 10000 registros em empresa (total: 5)
2026-04-24 02:29:56,209 - INFO - Processadas 3050000 linhas da tabela empresa (chunk 61)
2026-04-24 02:29:59,401 - INFO - Inserido lote de 10000 registros em empresa (total: 1)
2026-04-24 02:30:02,050 - INFO - Inserido lote de 10000 registros em empresa (total: 2)
2026-04-24 02:30:04,754 - INFO - Inserido lote de 10000 registros em empresa (total: 3)
2026-04-24 02:30:07,417 - INFO - Inserido lote de 10000 registros em empresa (total: 4)
2026-04-24 02:30:10,133 - INFO - Inserido lote de 10000 registros em empresa (total: 5)
2026-04-24 02:30:10,134 - INFO - Processadas 3100000 linhas da tabela empresa (chunk 62)
2026-04-24 02:30:13,333 - INFO - Inserido lote de 10000 registros em empresa (total: 1)
2026-04-24 02:30:16,182 - INFO - Inserido lote de 10000 registros em empresa (total: 2)
2026-04-24 02:30:18,809 - INFO - Inserido lote de 10000 registros em empresa (total: 3)
2026-04-24 02:30:21,466 - INFO - Inserido lote de 10000 registros em empresa (total: 4)
2026-04-24 02:30:24,488 - INFO - Inserido lote de 10000 registros em empresa (total: 5)
2026-04-24 02:30:24,489 - INFO - Processadas 3150000 linhas da tabela empresa (chunk 63)
2026-04-24 02:30:28,222 - INFO - Inserido lote de 10000 registros em empresa (total: 1)
2026-04-24 02:30:30,858 - INFO - Inserido lote de 10000 registros em empresa (total: 2)
2026-04-24 02:30:33,478 - INFO - Inserido lote de 10000 registros em empresa (total: 3)
2026-04-24 02:30:36,140 - INFO - Inserido lote de 10000 registros em empresa (total: 4)
2026-04-24 02:30:39,046 - INFO - Inserido lote de 10000 registros em empresa (total: 5)
2026-04-24 02:30:39,047 - INFO - Processadas 3200000 linhas da tabela empresa (chunk 64)
2026-04-24 02:30:42,216 - INFO - Inserido lote de 10000 registros em empresa (total: 1)
2026-04-24 02:30:44,895 - INFO - Inserido lote de 10000 registros em empresa (total: 2)
2026-04-24 02:30:47,569 - INFO - Inserido lote de 10000 registros em empresa (total: 3)
2026-04-24 02:30:50,268 - INFO - Inserido lote de 10000 registros em empresa (total: 4)
2026-04-24 02:30:53,157 - INFO - Inserido lote de 10000 registros em empresa (total: 5)
2026-04-24 02:30:53,157 - INFO - Processadas 3250000 linhas da tabela empresa (chunk 65)
2026-04-24 02:30:56,299 - INFO - Inserido lote de 10000 registros em empresa (total: 1)
2026-04-24 02:30:58,934 - INFO - Inserido lote de 10000 registros em empresa (total: 2)
2026-04-24 02:31:01,683 - INFO - Inserido lote de 10000 registros em empresa (total: 3)
2026-04-24 02:31:04,897 - INFO - Inserido lote de 10000 registros em empresa (total: 4)
2026-04-24 02:31:07,882 - INFO - Inserido lote de 10000 registros em empresa (total: 5)
2026-04-24 02:31:07,882 - INFO - Processadas 3300000 linhas da tabela empresa (chunk 66)
2026-04-24 02:31:11,349 - INFO - Inserido lote de 10000 registros em empresa (total: 1)
2026-04-24 02:31:14,276 - INFO - Inserido lote de 10000 registros em empresa (total: 2)
2026-04-24 02:31:17,208 - INFO - Inserido lote de 10000 registros em empresa (total: 3)
2026-04-24 02:31:20,052 - INFO - Inserido lote de 10000 registros em empresa (total: 4)
2026-04-24 02:31:22,925 - INFO - Inserido lote de 10000 registros em empresa (total: 5)
2026-04-24 02:31:22,925 - INFO - Processadas 3350000 linhas da tabela empresa (chunk 67)
2026-04-24 02:31:26,263 - INFO - Inserido lote de 10000 registros em empresa (total: 1)
2026-04-24 02:31:29,330 - INFO - Inserido lote de 10000 registros em empresa (total: 2)
2026-04-24 02:31:32,081 - INFO - Inserido lote de 10000 registros em empresa (total: 3)
2026-04-24 02:31:35,027 - INFO - Inserido lote de 10000 registros em empresa (total: 4)
2026-04-24 02:31:37,988 - INFO - Inserido lote de 10000 registros em empresa (total: 5)
2026-04-24 02:31:37,988 - INFO - Processadas 3400000 linhas da tabela empresa (chunk 68)
2026-04-24 02:31:41,478 - INFO - Inserido lote de 10000 registros em empresa (total: 1)
2026-04-24 02:31:44,388 - INFO - Inserido lote de 10000 registros em empresa (total: 2)
2026-04-24 02:31:47,286 - INFO - Inserido lote de 10000 registros em empresa (total: 3)
2026-04-24 02:31:50,159 - INFO - Inserido lote de 10000 registros em empresa (total: 4)
2026-04-24 02:31:52,964 - INFO - Inserido lote de 10000 registros em empresa (total: 5)
2026-04-24 02:31:52,965 - INFO - Processadas 3450000 linhas da tabela empresa (chunk 69)
2026-04-24 02:31:56,404 - INFO - Inserido lote de 10000 registros em empresa (total: 1)
2026-04-24 02:31:59,651 - INFO - Inserido lote de 10000 registros em empresa (total: 2)
2026-04-24 02:32:02,556 - INFO - Inserido lote de 10000 registros em empresa (total: 3)
2026-04-24 02:32:05,865 - INFO - Inserido lote de 10000 registros em empresa (total: 4)
2026-04-24 02:32:09,238 - INFO - Inserido lote de 10000 registros em empresa (total: 5)
2026-04-24 02:32:09,238 - INFO - Processadas 3500000 linhas da tabela empresa (chunk 70)
2026-04-24 02:32:12,835 - INFO - Inserido lote de 10000 registros em empresa (total: 1)
2026-04-24 02:32:15,723 - INFO - Inserido lote de 10000 registros em empresa (total: 2)
2026-04-24 02:32:18,483 - INFO - Inserido lote de 10000 registros em empresa (total: 3)
2026-04-24 02:32:21,198 - INFO - Inserido lote de 10000 registros em empresa (total: 4)
2026-04-24 02:32:24,004 - INFO - Inserido lote de 10000 registros em empresa (total: 5)
2026-04-24 02:32:24,004 - INFO - Processadas 3550000 linhas da tabela empresa (chunk 71)
2026-04-24 02:32:27,320 - INFO - Inserido lote de 10000 registros em empresa (total: 1)
2026-04-24 02:32:30,029 - INFO - Inserido lote de 10000 registros em empresa (total: 2)
2026-04-24 02:32:32,717 - INFO - Inserido lote de 10000 registros em empresa (total: 3)
2026-04-24 02:32:35,409 - INFO - Inserido lote de 10000 registros em empresa (total: 4)
2026-04-24 02:32:38,207 - INFO - Inserido lote de 10000 registros em empresa (total: 5)
2026-04-24 02:32:38,207 - INFO - Processadas 3600000 linhas da tabela empresa (chunk 72)
2026-04-24 02:32:41,523 - INFO - Inserido lote de 10000 registros em empresa (total: 1)
2026-04-24 02:32:44,236 - INFO - Inserido lote de 10000 registros em empresa (total: 2)
2026-04-24 02:32:46,959 - INFO - Inserido lote de 10000 registros em empresa (total: 3)
2026-04-24 02:32:49,676 - INFO - Inserido lote de 10000 registros em empresa (total: 4)
2026-04-24 02:32:52,367 - INFO - Inserido lote de 10000 registros em empresa (total: 5)
2026-04-24 02:32:52,368 - INFO - Processadas 3650000 linhas da tabela empresa (chunk 73)
2026-04-24 02:32:55,615 - INFO - Inserido lote de 10000 registros em empresa (total: 1)
2026-04-24 02:32:58,326 - INFO - Inserido lote de 10000 registros em empresa (total: 2)
2026-04-24 02:33:01,044 - INFO - Inserido lote de 10000 registros em empresa (total: 3)
2026-04-24 02:33:03,772 - INFO - Inserido lote de 10000 registros em empresa (total: 4)
2026-04-24 02:33:06,488 - INFO - Inserido lote de 10000 registros em empresa (total: 5)
2026-04-24 02:33:06,488 - INFO - Processadas 3700000 linhas da tabela empresa (chunk 74)
2026-04-24 02:33:09,842 - INFO - Inserido lote de 10000 registros em empresa (total: 1)
2026-04-24 02:33:12,533 - INFO - Inserido lote de 10000 registros em empresa (total: 2)
2026-04-24 02:33:15,244 - INFO - Inserido lote de 10000 registros em empresa (total: 3)
2026-04-24 02:33:17,944 - INFO - Inserido lote de 10000 registros em empresa (total: 4)
2026-04-24 02:33:20,659 - INFO - Inserido lote de 10000 registros em empresa (total: 5)
2026-04-24 02:33:20,660 - INFO - Processadas 3750000 linhas da tabela empresa (chunk 75)
2026-04-24 02:33:23,876 - INFO - Inserido lote de 10000 registros em empresa (total: 1)
2026-04-24 02:33:26,562 - INFO - Inserido lote de 10000 registros em empresa (total: 2)
2026-04-24 02:33:29,250 - INFO - Inserido lote de 10000 registros em empresa (total: 3)
2026-04-24 02:33:32,012 - INFO - Inserido lote de 10000 registros em empresa (total: 4)
2026-04-24 02:33:34,860 - INFO - Inserido lote de 10000 registros em empresa (total: 5)
2026-04-24 02:33:34,861 - INFO - Processadas 3800000 linhas da tabela empresa (chunk 76)
2026-04-24 02:33:38,160 - INFO - Inserido lote de 10000 registros em empresa (total: 1)
2026-04-24 02:33:40,832 - INFO - Inserido lote de 10000 registros em empresa (total: 2)
2026-04-24 02:33:43,524 - INFO - Inserido lote de 10000 registros em empresa (total: 3)
2026-04-24 02:33:46,198 - INFO - Inserido lote de 10000 registros em empresa (total: 4)
2026-04-24 02:33:48,898 - INFO - Inserido lote de 10000 registros em empresa (total: 5)
2026-04-24 02:33:48,899 - INFO - Processadas 3850000 linhas da tabela empresa (chunk 77)
2026-04-24 02:33:52,154 - INFO - Inserido lote de 10000 registros em empresa (total: 1)
2026-04-24 02:33:54,838 - INFO - Inserido lote de 10000 registros em empresa (total: 2)
2026-04-24 02:33:57,514 - INFO - Inserido lote de 10000 registros em empresa (total: 3)
2026-04-24 02:34:00,159 - INFO - Inserido lote de 10000 registros em empresa (total: 4)
2026-04-24 02:34:02,968 - INFO - Inserido lote de 10000 registros em empresa (total: 5)
2026-04-24 02:34:02,968 - INFO - Processadas 3900000 linhas da tabela empresa (chunk 78)
2026-04-24 02:34:06,196 - INFO - Inserido lote de 10000 registros em empresa (total: 1)
2026-04-24 02:34:08,839 - INFO - Inserido lote de 10000 registros em empresa (total: 2)
2026-04-24 02:34:11,533 - INFO - Inserido lote de 10000 registros em empresa (total: 3)
2026-04-24 02:34:14,222 - INFO - Inserido lote de 10000 registros em empresa (total: 4)
2026-04-24 02:34:16,928 - INFO - Inserido lote de 10000 registros em empresa (total: 5)
2026-04-24 02:34:16,928 - INFO - Processadas 3950000 linhas da tabela empresa (chunk 79)
2026-04-24 02:34:20,172 - INFO - Inserido lote de 10000 registros em empresa (total: 1)
2026-04-24 02:34:22,831 - INFO - Inserido lote de 10000 registros em empresa (total: 2)
2026-04-24 02:34:25,562 - INFO - Inserido lote de 10000 registros em empresa (total: 3)
2026-04-24 02:34:28,251 - INFO - Inserido lote de 10000 registros em empresa (total: 4)
2026-04-24 02:34:30,971 - INFO - Inserido lote de 10000 registros em empresa (total: 5)
2026-04-24 02:34:30,972 - INFO - Processadas 4000000 linhas da tabela empresa (chunk 80)
2026-04-24 02:34:34,169 - INFO - Inserido lote de 10000 registros em empresa (total: 1)
2026-04-24 02:34:36,833 - INFO - Inserido lote de 10000 registros em empresa (total: 2)
2026-04-24 02:34:39,537 - INFO - Inserido lote de 10000 registros em empresa (total: 3)
2026-04-24 02:34:42,202 - INFO - Inserido lote de 10000 registros em empresa (total: 4)
2026-04-24 02:34:44,954 - INFO - Inserido lote de 10000 registros em empresa (total: 5)
2026-04-24 02:34:44,955 - INFO - Processadas 4050000 linhas da tabela empresa (chunk 81)
2026-04-24 02:34:48,309 - INFO - Inserido lote de 10000 registros em empresa (total: 1)
2026-04-24 02:34:50,956 - INFO - Inserido lote de 10000 registros em empresa (total: 2)
2026-04-24 02:34:53,657 - INFO - Inserido lote de 10000 registros em empresa (total: 3)
2026-04-24 02:34:56,317 - INFO - Inserido lote de 10000 registros em empresa (total: 4)
2026-04-24 02:34:59,092 - INFO - Inserido lote de 10000 registros em empresa (total: 5)
2026-04-24 02:34:59,093 - INFO - Processadas 4100000 linhas da tabela empresa (chunk 82)
2026-04-24 02:35:02,282 - INFO - Inserido lote de 10000 registros em empresa (total: 1)
2026-04-24 02:35:05,008 - INFO - Inserido lote de 10000 registros em empresa (total: 2)
2026-04-24 02:35:07,679 - INFO - Inserido lote de 10000 registros em empresa (total: 3)
2026-04-24 02:35:10,362 - INFO - Inserido lote de 10000 registros em empresa (total: 4)
2026-04-24 02:35:13,088 - INFO - Inserido lote de 10000 registros em empresa (total: 5)
2026-04-24 02:35:13,089 - INFO - Processadas 4150000 linhas da tabela empresa (chunk 83)
2026-04-24 02:35:16,273 - INFO - Inserido lote de 10000 registros em empresa (total: 1)
2026-04-24 02:35:18,953 - INFO - Inserido lote de 10000 registros em empresa (total: 2)
2026-04-24 02:35:21,597 - INFO - Inserido lote de 10000 registros em empresa (total: 3)
2026-04-24 02:35:24,272 - INFO - Inserido lote de 10000 registros em empresa (total: 4)
2026-04-24 02:35:27,304 - INFO - Inserido lote de 10000 registros em empresa (total: 5)
2026-04-24 02:35:27,305 - INFO - Processadas 4200000 linhas da tabela empresa (chunk 84)
2026-04-24 02:35:30,502 - INFO - Inserido lote de 10000 registros em empresa (total: 1)
2026-04-24 02:35:33,189 - INFO - Inserido lote de 10000 registros em empresa (total: 2)
2026-04-24 02:35:35,867 - INFO - Inserido lote de 10000 registros em empresa (total: 3)
2026-04-24 02:35:38,536 - INFO - Inserido lote de 10000 registros em empresa (total: 4)
2026-04-24 02:35:41,787 - INFO - Inserido lote de 10000 registros em empresa (total: 5)
2026-04-24 02:35:41,787 - INFO - Processadas 4250000 linhas da tabela empresa (chunk 85)
2026-04-24 02:35:44,955 - INFO - Inserido lote de 10000 registros em empresa (total: 1)
2026-04-24 02:35:47,596 - INFO - Inserido lote de 10000 registros em empresa (total: 2)
2026-04-24 02:35:50,272 - INFO - Inserido lote de 10000 registros em empresa (total: 3)
2026-04-24 02:35:52,960 - INFO - Inserido lote de 10000 registros em empresa (total: 4)
2026-04-24 02:35:55,656 - INFO - Inserido lote de 10000 registros em empresa (total: 5)
2026-04-24 02:35:55,657 - INFO - Processadas 4300000 linhas da tabela empresa (chunk 86)
2026-04-24 02:35:58,894 - INFO - Inserido lote de 10000 registros em empresa (total: 1)
2026-04-24 02:36:01,605 - INFO - Inserido lote de 10000 registros em empresa (total: 2)
2026-04-24 02:36:04,328 - INFO - Inserido lote de 10000 registros em empresa (total: 3)
2026-04-24 02:36:07,001 - INFO - Inserido lote de 10000 registros em empresa (total: 4)
2026-04-24 02:36:09,709 - INFO - Inserido lote de 10000 registros em empresa (total: 5)
2026-04-24 02:36:09,709 - INFO - Processadas 4350000 linhas da tabela empresa (chunk 87)
2026-04-24 02:36:12,921 - INFO - Inserido lote de 10000 registros em empresa (total: 1)
2026-04-24 02:36:15,556 - INFO - Inserido lote de 10000 registros em empresa (total: 2)
2026-04-24 02:36:18,216 - INFO - Inserido lote de 10000 registros em empresa (total: 3)
2026-04-24 02:36:20,895 - INFO - Inserido lote de 10000 registros em empresa (total: 4)
2026-04-24 02:36:23,643 - INFO - Inserido lote de 10000 registros em empresa (total: 5)
2026-04-24 02:36:23,643 - INFO - Processadas 4400000 linhas da tabela empresa (chunk 88)
2026-04-24 02:36:26,839 - INFO - Inserido lote de 10000 registros em empresa (total: 1)
2026-04-24 02:36:29,516 - INFO - Inserido lote de 10000 registros em empresa (total: 2)
2026-04-24 02:36:32,209 - INFO - Inserido lote de 10000 registros em empresa (total: 3)
2026-04-24 02:36:34,827 - INFO - Inserido lote de 10000 registros em empresa (total: 4)
2026-04-24 02:36:37,548 - INFO - Inserido lote de 10000 registros em empresa (total: 5)
2026-04-24 02:36:37,548 - INFO - Processadas 4450000 linhas da tabela empresa (chunk 89)
2026-04-24 02:36:40,729 - INFO - Inserido lote de 10000 registros em empresa (total: 1)
2026-04-24 02:36:43,404 - INFO - Inserido lote de 10000 registros em empresa (total: 2)
2026-04-24 02:36:46,028 - INFO - Inserido lote de 10000 registros em empresa (total: 3)
2026-04-24 02:36:48,811 - INFO - Inserido lote de 10000 registros em empresa (total: 4)
2026-04-24 02:36:51,518 - INFO - Inserido lote de 10000 registros em empresa (total: 5)
2026-04-24 02:36:51,519 - INFO - Processadas 4500000 linhas da tabela empresa (chunk 90)
2026-04-24 02:36:54,705 - INFO - Inserido lote de 10000 registros em empresa (total: 1)
2026-04-24 02:36:57,422 - INFO - Inserido lote de 10000 registros em empresa (total: 2)
2026-04-24 02:37:00,094 - INFO - Inserido lote de 10000 registros em empresa (total: 3)
2026-04-24 02:37:02,720 - INFO - Inserido lote de 10000 registros em empresa (total: 4)
2026-04-24 02:37:05,431 - INFO - Inserido lote de 10000 registros em empresa (total: 5)
2026-04-24 02:37:05,432 - INFO - Processadas 4550000 linhas da tabela empresa (chunk 91)
2026-04-24 02:37:08,605 - INFO - Inserido lote de 10000 registros em empresa (total: 1)
2026-04-24 02:37:11,257 - INFO - Inserido lote de 10000 registros em empresa (total: 2)
2026-04-24 02:37:13,908 - INFO - Inserido lote de 10000 registros em empresa (total: 3)
2026-04-24 02:37:16,536 - INFO - Inserido lote de 10000 registros em empresa (total: 4)
2026-04-24 02:37:19,300 - INFO - Inserido lote de 10000 registros em empresa (total: 5)
2026-04-24 02:37:19,300 - INFO - Processadas 4600000 linhas da tabela empresa (chunk 92)
2026-04-24 02:37:22,476 - INFO - Inserido lote de 10000 registros em empresa (total: 1)
2026-04-24 02:37:25,108 - INFO - Inserido lote de 10000 registros em empresa (total: 2)
2026-04-24 02:37:27,746 - INFO - Inserido lote de 10000 registros em empresa (total: 3)
2026-04-24 02:37:30,419 - INFO - Inserido lote de 10000 registros em empresa (total: 4)
2026-04-24 02:37:33,092 - INFO - Inserido lote de 10000 registros em empresa (total: 5)
2026-04-24 02:37:33,092 - INFO - Processadas 4650000 linhas da tabela empresa (chunk 93)
2026-04-24 02:37:36,318 - INFO - Inserido lote de 10000 registros em empresa (total: 1)
2026-04-24 02:37:38,972 - INFO - Inserido lote de 10000 registros em empresa (total: 2)
2026-04-24 02:37:41,619 - INFO - Inserido lote de 10000 registros em empresa (total: 3)
2026-04-24 02:37:44,245 - INFO - Inserido lote de 10000 registros em empresa (total: 4)
2026-04-24 02:37:46,975 - INFO - Inserido lote de 10000 registros em empresa (total: 5)
2026-04-24 02:37:46,976 - INFO - Processadas 4700000 linhas da tabela empresa (chunk 94)
2026-04-24 02:37:50,158 - INFO - Inserido lote de 10000 registros em empresa (total: 1)
2026-04-24 02:37:52,809 - INFO - Inserido lote de 10000 registros em empresa (total: 2)
2026-04-24 02:37:55,467 - INFO - Inserido lote de 10000 registros em empresa (total: 3)
2026-04-24 02:37:58,187 - INFO - Inserido lote de 10000 registros em empresa (total: 4)
2026-04-24 02:38:00,927 - INFO - Inserido lote de 10000 registros em empresa (total: 5)
2026-04-24 02:38:00,928 - INFO - Processadas 4750000 linhas da tabela empresa (chunk 95)
2026-04-24 02:38:04,159 - INFO - Inserido lote de 10000 registros em empresa (total: 1)
2026-04-24 02:38:06,835 - INFO - Inserido lote de 10000 registros em empresa (total: 2)
2026-04-24 02:38:09,749 - INFO - Inserido lote de 10000 registros em empresa (total: 3)
2026-04-24 02:38:12,534 - INFO - Inserido lote de 10000 registros em empresa (total: 4)
2026-04-24 02:38:15,236 - INFO - Inserido lote de 10000 registros em empresa (total: 5)
2026-04-24 02:38:15,236 - INFO - Processadas 4800000 linhas da tabela empresa (chunk 96)
2026-04-24 02:38:18,413 - INFO - Inserido lote de 10000 registros em empresa (total: 1)
2026-04-24 02:38:21,067 - INFO - Inserido lote de 10000 registros em empresa (total: 2)
2026-04-24 02:38:23,739 - INFO - Inserido lote de 10000 registros em empresa (total: 3)
2026-04-24 02:38:26,429 - INFO - Inserido lote de 10000 registros em empresa (total: 4)
2026-04-24 02:38:29,513 - INFO - Inserido lote de 10000 registros em empresa (total: 5)
2026-04-24 02:38:29,513 - INFO - Processadas 4850000 linhas da tabela empresa (chunk 97)
2026-04-24 02:38:32,695 - INFO - Inserido lote de 10000 registros em empresa (total: 1)
2026-04-24 02:38:35,407 - INFO - Inserido lote de 10000 registros em empresa (total: 2)
2026-04-24 02:38:38,077 - INFO - Inserido lote de 10000 registros em empresa (total: 3)
2026-04-24 02:38:40,730 - INFO - Inserido lote de 10000 registros em empresa (total: 4)
2026-04-24 02:38:43,491 - INFO - Inserido lote de 10000 registros em empresa (total: 5)
2026-04-24 02:38:43,491 - INFO - Processadas 4900000 linhas da tabela empresa (chunk 98)
2026-04-24 02:38:46,728 - INFO - Inserido lote de 10000 registros em empresa (total: 1)
2026-04-24 02:38:49,449 - INFO - Inserido lote de 10000 registros em empresa (total: 2)
2026-04-24 02:38:52,166 - INFO - Inserido lote de 10000 registros em empresa (total: 3)
2026-04-24 02:38:54,851 - INFO - Inserido lote de 10000 registros em empresa (total: 4)
2026-04-24 02:38:57,633 - INFO - Inserido lote de 10000 registros em empresa (total: 5)
2026-04-24 02:38:57,634 - INFO - Processadas 4950000 linhas da tabela empresa (chunk 99)
2026-04-24 02:39:00,910 - INFO - Inserido lote de 10000 registros em empresa (total: 1)
2026-04-24 02:39:03,646 - INFO - Inserido lote de 10000 registros em empresa (total: 2)
2026-04-24 02:39:06,372 - INFO - Inserido lote de 10000 registros em empresa (total: 3)
2026-04-24 02:39:09,078 - INFO - Inserido lote de 10000 registros em empresa (total: 4)
2026-04-24 02:39:11,808 - INFO - Inserido lote de 10000 registros em empresa (total: 5)
2026-04-24 02:39:11,809 - INFO - Processadas 5000000 linhas da tabela empresa (chunk 100)
2026-04-24 02:39:15,062 - INFO - Inserido lote de 10000 registros em empresa (total: 1)
2026-04-24 02:39:17,783 - INFO - Inserido lote de 10000 registros em empresa (total: 2)
2026-04-24 02:39:20,448 - INFO - Inserido lote de 10000 registros em empresa (total: 3)
2026-04-24 02:39:23,112 - INFO - Inserido lote de 10000 registros em empresa (total: 4)
2026-04-24 02:39:25,837 - INFO - Inserido lote de 10000 registros em empresa (total: 5)
2026-04-24 02:39:25,837 - INFO - Processadas 5050000 linhas da tabela empresa (chunk 101)
2026-04-24 02:39:29,023 - INFO - Inserido lote de 10000 registros em empresa (total: 1)
2026-04-24 02:39:31,703 - INFO - Inserido lote de 10000 registros em empresa (total: 2)
2026-04-24 02:39:34,378 - INFO - Inserido lote de 10000 registros em empresa (total: 3)
2026-04-24 02:39:37,068 - INFO - Inserido lote de 10000 registros em empresa (total: 4)
2026-04-24 02:39:39,813 - INFO - Inserido lote de 10000 registros em empresa (total: 5)
2026-04-24 02:39:39,813 - INFO - Processadas 5100000 linhas da tabela empresa (chunk 102)
2026-04-24 02:39:43,032 - INFO - Inserido lote de 10000 registros em empresa (total: 1)
2026-04-24 02:39:45,724 - INFO - Inserido lote de 10000 registros em empresa (total: 2)
2026-04-24 02:39:48,399 - INFO - Inserido lote de 10000 registros em empresa (total: 3)
2026-04-24 02:39:51,042 - INFO - Inserido lote de 10000 registros em empresa (total: 4)
2026-04-24 02:39:53,866 - INFO - Inserido lote de 10000 registros em empresa (total: 5)
2026-04-24 02:39:53,866 - INFO - Processadas 5150000 linhas da tabela empresa (chunk 103)
2026-04-24 02:39:57,140 - INFO - Inserido lote de 10000 registros em empresa (total: 1)
2026-04-24 02:39:59,814 - INFO - Inserido lote de 10000 registros em empresa (total: 2)
2026-04-24 02:40:02,484 - INFO - Inserido lote de 10000 registros em empresa (total: 3)
2026-04-24 02:40:05,192 - INFO - Inserido lote de 10000 registros em empresa (total: 4)
2026-04-24 02:40:07,952 - INFO - Inserido lote de 10000 registros em empresa (total: 5)
2026-04-24 02:40:07,952 - INFO - Processadas 5200000 linhas da tabela empresa (chunk 104)
2026-04-24 02:40:11,323 - INFO - Inserido lote de 10000 registros em empresa (total: 1)
2026-04-24 02:40:13,988 - INFO - Inserido lote de 10000 registros em empresa (total: 2)
2026-04-24 02:40:16,659 - INFO - Inserido lote de 10000 registros em empresa (total: 3)
2026-04-24 02:40:19,308 - INFO - Inserido lote de 10000 registros em empresa (total: 4)
2026-04-24 02:40:22,363 - INFO - Inserido lote de 10000 registros em empresa (total: 5)
2026-04-24 02:40:22,363 - INFO - Processadas 5250000 linhas da tabela empresa (chunk 105)
2026-04-24 02:40:25,836 - INFO - Inserido lote de 10000 registros em empresa (total: 1)
2026-04-24 02:40:28,522 - INFO - Inserido lote de 10000 registros em empresa (total: 2)
2026-04-24 02:40:31,194 - INFO - Inserido lote de 10000 registros em empresa (total: 3)
2026-04-24 02:40:33,851 - INFO - Inserido lote de 10000 registros em empresa (total: 4)
2026-04-24 02:40:36,885 - INFO - Inserido lote de 10000 registros em empresa (total: 5)
2026-04-24 02:40:36,886 - INFO - Processadas 5300000 linhas da tabela empresa (chunk 106)
2026-04-24 02:40:40,588 - INFO - Inserido lote de 10000 registros em empresa (total: 1)
2026-04-24 02:40:43,281 - INFO - Inserido lote de 10000 registros em empresa (total: 2)
2026-04-24 02:40:45,957 - INFO - Inserido lote de 10000 registros em empresa (total: 3)
2026-04-24 02:40:48,619 - INFO - Inserido lote de 10000 registros em empresa (total: 4)
2026-04-24 02:40:51,333 - INFO - Inserido lote de 10000 registros em empresa (total: 5)
2026-04-24 02:40:51,333 - INFO - Processadas 5350000 linhas da tabela empresa (chunk 107)
2026-04-24 02:40:54,546 - INFO - Inserido lote de 10000 registros em empresa (total: 1)
2026-04-24 02:40:57,226 - INFO - Inserido lote de 10000 registros em empresa (total: 2)
2026-04-24 02:40:59,971 - INFO - Inserido lote de 10000 registros em empresa (total: 3)
2026-04-24 02:41:02,630 - INFO - Inserido lote de 10000 registros em empresa (total: 4)
2026-04-24 02:41:05,423 - INFO - Inserido lote de 10000 registros em empresa (total: 5)
2026-04-24 02:41:05,424 - INFO - Processadas 5400000 linhas da tabela empresa (chunk 108)
2026-04-24 02:41:08,655 - INFO - Inserido lote de 10000 registros em empresa (total: 1)
2026-04-24 02:41:11,366 - INFO - Inserido lote de 10000 registros em empresa (total: 2)
2026-04-24 02:41:14,062 - INFO - Inserido lote de 10000 registros em empresa (total: 3)
2026-04-24 02:41:16,751 - INFO - Inserido lote de 10000 registros em empresa (total: 4)
2026-04-24 02:41:19,512 - INFO - Inserido lote de 10000 registros em empresa (total: 5)
2026-04-24 02:41:19,512 - INFO - Processadas 5450000 linhas da tabela empresa (chunk 109)
2026-04-24 02:41:22,841 - INFO - Inserido lote de 10000 registros em empresa (total: 1)
2026-04-24 02:41:25,526 - INFO - Inserido lote de 10000 registros em empresa (total: 2)
2026-04-24 02:41:28,253 - INFO - Inserido lote de 10000 registros em empresa (total: 3)
2026-04-24 02:41:30,942 - INFO - Inserido lote de 10000 registros em empresa (total: 4)
2026-04-24 02:41:33,718 - INFO - Inserido lote de 10000 registros em empresa (total: 5)
2026-04-24 02:41:33,718 - INFO - Processadas 5500000 linhas da tabela empresa (chunk 110)
2026-04-24 02:41:36,891 - INFO - Inserido lote de 10000 registros em empresa (total: 1)
2026-04-24 02:41:39,660 - INFO - Inserido lote de 10000 registros em empresa (total: 2)
2026-04-24 02:41:42,396 - INFO - Inserido lote de 10000 registros em empresa (total: 3)
2026-04-24 02:41:45,087 - INFO - Inserido lote de 10000 registros em empresa (total: 4)
2026-04-24 02:41:48,187 - INFO - Inserido lote de 10000 registros em empresa (total: 5)
2026-04-24 02:41:48,188 - INFO - Processadas 5550000 linhas da tabela empresa (chunk 111)
2026-04-24 02:41:51,399 - INFO - Inserido lote de 10000 registros em empresa (total: 1)
2026-04-24 02:41:54,061 - INFO - Inserido lote de 10000 registros em empresa (total: 2)
2026-04-24 02:41:56,770 - INFO - Inserido lote de 10000 registros em empresa (total: 3)
2026-04-24 02:41:59,465 - INFO - Inserido lote de 10000 registros em empresa (total: 4)
2026-04-24 02:42:02,822 - INFO - Inserido lote de 10000 registros em empresa (total: 5)
2026-04-24 02:42:02,822 - INFO - Processadas 5600000 linhas da tabela empresa (chunk 112)
2026-04-24 02:42:06,008 - INFO - Inserido lote de 10000 registros em empresa (total: 1)
2026-04-24 02:42:08,702 - INFO - Inserido lote de 10000 registros em empresa (total: 2)
2026-04-24 02:42:11,384 - INFO - Inserido lote de 10000 registros em empresa (total: 3)
2026-04-24 02:42:14,042 - INFO - Inserido lote de 10000 registros em empresa (total: 4)
2026-04-24 02:42:16,798 - INFO - Inserido lote de 10000 registros em empresa (total: 5)
2026-04-24 02:42:16,798 - INFO - Processadas 5650000 linhas da tabela empresa (chunk 113)
2026-04-24 02:42:20,019 - INFO - Inserido lote de 10000 registros em empresa (total: 1)
2026-04-24 02:42:22,703 - INFO - Inserido lote de 10000 registros em empresa (total: 2)
2026-04-24 02:42:25,374 - INFO - Inserido lote de 10000 registros em empresa (total: 3)
2026-04-24 02:42:28,064 - INFO - Inserido lote de 10000 registros em empresa (total: 4)
2026-04-24 02:42:30,799 - INFO - Inserido lote de 10000 registros em empresa (total: 5)
2026-04-24 02:42:30,799 - INFO - Processadas 5700000 linhas da tabela empresa (chunk 114)
2026-04-24 02:42:34,042 - INFO - Inserido lote de 10000 registros em empresa (total: 1)
2026-04-24 02:42:36,765 - INFO - Inserido lote de 10000 registros em empresa (total: 2)
2026-04-24 02:42:39,447 - INFO - Inserido lote de 10000 registros em empresa (total: 3)
2026-04-24 02:42:42,103 - INFO - Inserido lote de 10000 registros em empresa (total: 4)
2026-04-24 02:42:44,855 - INFO - Inserido lote de 10000 registros em empresa (total: 5)
2026-04-24 02:42:44,855 - INFO - Processadas 5750000 linhas da tabela empresa (chunk 115)
2026-04-24 02:42:48,108 - INFO - Inserido lote de 10000 registros em empresa (total: 1)
2026-04-24 02:42:50,791 - INFO - Inserido lote de 10000 registros em empresa (total: 2)
2026-04-24 02:42:53,467 - INFO - Inserido lote de 10000 registros em empresa (total: 3)
2026-04-24 02:42:56,145 - INFO - Inserido lote de 10000 registros em empresa (total: 4)
2026-04-24 02:42:58,969 - INFO - Inserido lote de 10000 registros em empresa (total: 5)
2026-04-24 02:42:58,970 - INFO - Processadas 5800000 linhas da tabela empresa (chunk 116)
2026-04-24 02:43:02,144 - INFO - Inserido lote de 10000 registros em empresa (total: 1)
2026-04-24 02:43:04,866 - INFO - Inserido lote de 10000 registros em empresa (total: 2)
2026-04-24 02:43:07,509 - INFO - Inserido lote de 10000 registros em empresa (total: 3)
2026-04-24 02:43:10,190 - INFO - Inserido lote de 10000 registros em empresa (total: 4)
2026-04-24 02:43:12,947 - INFO - Inserido lote de 10000 registros em empresa (total: 5)
2026-04-24 02:43:12,947 - INFO - Processadas 5850000 linhas da tabela empresa (chunk 117)
2026-04-24 02:43:16,179 - INFO - Inserido lote de 10000 registros em empresa (total: 1)
2026-04-24 02:43:18,866 - INFO - Inserido lote de 10000 registros em empresa (total: 2)
2026-04-24 02:43:21,539 - INFO - Inserido lote de 10000 registros em empresa (total: 3)
2026-04-24 02:43:24,202 - INFO - Inserido lote de 10000 registros em empresa (total: 4)
2026-04-24 02:43:26,933 - INFO - Inserido lote de 10000 registros em empresa (total: 5)
2026-04-24 02:43:26,934 - INFO - Processadas 5900000 linhas da tabela empresa (chunk 118)
2026-04-24 02:43:30,117 - INFO - Inserido lote de 10000 registros em empresa (total: 1)
2026-04-24 02:43:32,808 - INFO - Inserido lote de 10000 registros em empresa (total: 2)
2026-04-24 02:43:35,491 - INFO - Inserido lote de 10000 registros em empresa (total: 3)
2026-04-24 02:43:38,301 - INFO - Inserido lote de 10000 registros em empresa (total: 4)
2026-04-24 02:43:41,065 - INFO - Inserido lote de 10000 registros em empresa (total: 5)
2026-04-24 02:43:41,066 - INFO - Processadas 5950000 linhas da tabela empresa (chunk 119)
2026-04-24 02:43:44,250 - INFO - Inserido lote de 10000 registros em empresa (total: 1)
2026-04-24 02:43:46,947 - INFO - Inserido lote de 10000 registros em empresa (total: 2)
2026-04-24 02:43:49,593 - INFO - Inserido lote de 10000 registros em empresa (total: 3)
2026-04-24 02:43:52,266 - INFO - Inserido lote de 10000 registros em empresa (total: 4)
2026-04-24 02:43:55,020 - INFO - Inserido lote de 10000 registros em empresa (total: 5)
2026-04-24 02:43:55,021 - INFO - Processadas 6000000 linhas da tabela empresa (chunk 120)
2026-04-24 02:43:58,262 - INFO - Inserido lote de 10000 registros em empresa (total: 1)
2026-04-24 02:44:00,941 - INFO - Inserido lote de 10000 registros em empresa (total: 2)
2026-04-24 02:44:03,675 - INFO - Inserido lote de 10000 registros em empresa (total: 3)
2026-04-24 02:44:06,366 - INFO - Inserido lote de 10000 registros em empresa (total: 4)
2026-04-24 02:44:09,154 - INFO - Inserido lote de 10000 registros em empresa (total: 5)
2026-04-24 02:44:09,155 - INFO - Processadas 6050000 linhas da tabela empresa (chunk 121)
2026-04-24 02:44:12,397 - INFO - Inserido lote de 10000 registros em empresa (total: 1)
2026-04-24 02:44:15,086 - INFO - Inserido lote de 10000 registros em empresa (total: 2)
2026-04-24 02:44:17,767 - INFO - Inserido lote de 10000 registros em empresa (total: 3)
2026-04-24 02:44:20,460 - INFO - Inserido lote de 10000 registros em empresa (total: 4)
2026-04-24 02:44:23,163 - INFO - Inserido lote de 10000 registros em empresa (total: 5)
2026-04-24 02:44:23,164 - INFO - Processadas 6100000 linhas da tabela empresa (chunk 122)
2026-04-24 02:44:26,433 - INFO - Inserido lote de 10000 registros em empresa (total: 1)
2026-04-24 02:44:29,166 - INFO - Inserido lote de 10000 registros em empresa (total: 2)
2026-04-24 02:44:31,823 - INFO - Inserido lote de 10000 registros em empresa (total: 3)
2026-04-24 02:44:34,521 - INFO - Inserido lote de 10000 registros em empresa (total: 4)
2026-04-24 02:44:37,282 - INFO - Inserido lote de 10000 registros em empresa (total: 5)
2026-04-24 02:44:37,283 - INFO - Processadas 6150000 linhas da tabela empresa (chunk 123)
2026-04-24 02:44:40,532 - INFO - Inserido lote de 10000 registros em empresa (total: 1)
2026-04-24 02:44:43,213 - INFO - Inserido lote de 10000 registros em empresa (total: 2)
2026-04-24 02:44:45,888 - INFO - Inserido lote de 10000 registros em empresa (total: 3)
2026-04-24 02:44:48,585 - INFO - Inserido lote de 10000 registros em empresa (total: 4)
2026-04-24 02:44:51,299 - INFO - Inserido lote de 10000 registros em empresa (total: 5)
2026-04-24 02:44:51,300 - INFO - Processadas 6200000 linhas da tabela empresa (chunk 124)
2026-04-24 02:44:54,529 - INFO - Inserido lote de 10000 registros em empresa (total: 1)
2026-04-24 02:44:57,220 - INFO - Inserido lote de 10000 registros em empresa (total: 2)
2026-04-24 02:44:59,936 - INFO - Inserido lote de 10000 registros em empresa (total: 3)
2026-04-24 02:45:02,627 - INFO - Inserido lote de 10000 registros em empresa (total: 4)
2026-04-24 02:45:05,451 - INFO - Inserido lote de 10000 registros em empresa (total: 5)
2026-04-24 02:45:05,451 - INFO - Processadas 6250000 linhas da tabela empresa (chunk 125)
2026-04-24 02:45:08,988 - INFO - Inserido lote de 10000 registros em empresa (total: 1)
2026-04-24 02:45:11,677 - INFO - Inserido lote de 10000 registros em empresa (total: 2)
2026-04-24 02:45:14,377 - INFO - Inserido lote de 10000 registros em empresa (total: 3)
2026-04-24 02:45:17,093 - INFO - Inserido lote de 10000 registros em empresa (total: 4)
2026-04-24 02:45:19,844 - INFO - Inserido lote de 10000 registros em empresa (total: 5)
2026-04-24 02:45:19,845 - INFO - Processadas 6300000 linhas da tabela empresa (chunk 126)
2026-04-24 02:45:23,074 - INFO - Inserido lote de 10000 registros em empresa (total: 1)
2026-04-24 02:45:26,023 - INFO - Inserido lote de 10000 registros em empresa (total: 2)
2026-04-24 02:45:28,733 - INFO - Inserido lote de 10000 registros em empresa (total: 3)
2026-04-24 02:45:31,415 - INFO - Inserido lote de 10000 registros em empresa (total: 4)
2026-04-24 02:45:34,175 - INFO - Inserido lote de 10000 registros em empresa (total: 5)
2026-04-24 02:45:34,176 - INFO - Processadas 6350000 linhas da tabela empresa (chunk 127)
2026-04-24 02:45:37,540 - INFO - Inserido lote de 10000 registros em empresa (total: 1)
2026-04-24 02:45:40,250 - INFO - Inserido lote de 10000 registros em empresa (total: 2)
2026-04-24 02:45:42,966 - INFO - Inserido lote de 10000 registros em empresa (total: 3)
2026-04-24 02:45:45,625 - INFO - Inserido lote de 10000 registros em empresa (total: 4)
2026-04-24 02:45:48,350 - INFO - Inserido lote de 10000 registros em empresa (total: 5)
2026-04-24 02:45:48,351 - INFO - Processadas 6400000 linhas da tabela empresa (chunk 128)
2026-04-24 02:45:51,639 - INFO - Inserido lote de 10000 registros em empresa (total: 1)
2026-04-24 02:45:54,314 - INFO - Inserido lote de 10000 registros em empresa (total: 2)
2026-04-24 02:45:56,999 - INFO - Inserido lote de 10000 registros em empresa (total: 3)
2026-04-24 02:45:59,668 - INFO - Inserido lote de 10000 registros em empresa (total: 4)
2026-04-24 02:46:02,410 - INFO - Inserido lote de 10000 registros em empresa (total: 5)
2026-04-24 02:46:02,411 - INFO - Processadas 6450000 linhas da tabela empresa (chunk 129)
2026-04-24 02:46:05,637 - INFO - Inserido lote de 10000 registros em empresa (total: 1)
2026-04-24 02:46:08,353 - INFO - Inserido lote de 10000 registros em empresa (total: 2)
2026-04-24 02:46:11,010 - INFO - Inserido lote de 10000 registros em empresa (total: 3)
2026-04-24 02:46:13,660 - INFO - Inserido lote de 10000 registros em empresa (total: 4)
2026-04-24 02:46:16,390 - INFO - Inserido lote de 10000 registros em empresa (total: 5)
2026-04-24 02:46:16,390 - INFO - Processadas 6500000 linhas da tabela empresa (chunk 130)
2026-04-24 02:46:19,631 - INFO - Inserido lote de 10000 registros em empresa (total: 1)
2026-04-24 02:46:22,429 - INFO - Inserido lote de 10000 registros em empresa (total: 2)
2026-04-24 02:46:25,145 - INFO - Inserido lote de 10000 registros em empresa (total: 3)
2026-04-24 02:46:27,832 - INFO - Inserido lote de 10000 registros em empresa (total: 4)
2026-04-24 02:46:30,619 - INFO - Inserido lote de 10000 registros em empresa (total: 5)
2026-04-24 02:46:30,619 - INFO - Processadas 6550000 linhas da tabela empresa (chunk 131)
2026-04-24 02:46:33,873 - INFO - Inserido lote de 10000 registros em empresa (total: 1)
2026-04-24 02:46:36,557 - INFO - Inserido lote de 10000 registros em empresa (total: 2)
2026-04-24 02:46:39,235 - INFO - Inserido lote de 10000 registros em empresa (total: 3)
2026-04-24 02:46:41,922 - INFO - Inserido lote de 10000 registros em empresa (total: 4)
2026-04-24 02:46:44,662 - INFO - Inserido lote de 10000 registros em empresa (total: 5)
2026-04-24 02:46:44,662 - INFO - Processadas 6600000 linhas da tabela empresa (chunk 132)
2026-04-24 02:46:47,855 - INFO - Inserido lote de 10000 registros em empresa (total: 1)
2026-04-24 02:46:50,525 - INFO - Inserido lote de 10000 registros em empresa (total: 2)
2026-04-24 02:46:53,182 - INFO - Inserido lote de 10000 registros em empresa (total: 3)
2026-04-24 02:46:55,844 - INFO - Inserido lote de 10000 registros em empresa (total: 4)
2026-04-24 02:46:58,591 - INFO - Inserido lote de 10000 registros em empresa (total: 5)
2026-04-24 02:46:58,592 - INFO - Processadas 6650000 linhas da tabela empresa (chunk 133)
2026-04-24 02:47:02,021 - INFO - Inserido lote de 10000 registros em empresa (total: 1)
2026-04-24 02:47:04,712 - INFO - Inserido lote de 10000 registros em empresa (total: 2)
2026-04-24 02:47:07,414 - INFO - Inserido lote de 10000 registros em empresa (total: 3)
2026-04-24 02:47:10,071 - INFO - Inserido lote de 10000 registros em empresa (total: 4)
2026-04-24 02:47:12,793 - INFO - Inserido lote de 10000 registros em empresa (total: 5)
2026-04-24 02:47:12,794 - INFO - Processadas 6700000 linhas da tabela empresa (chunk 134)
2026-04-24 02:47:16,008 - INFO - Inserido lote de 10000 registros em empresa (total: 1)
2026-04-24 02:47:18,658 - INFO - Inserido lote de 10000 registros em empresa (total: 2)
2026-04-24 02:47:22,274 - INFO - Inserido lote de 10000 registros em empresa (total: 3)
2026-04-24 02:47:24,956 - INFO - Inserido lote de 10000 registros em empresa (total: 4)
2026-04-24 02:47:27,707 - INFO - Inserido lote de 10000 registros em empresa (total: 5)
2026-04-24 02:47:27,708 - INFO - Processadas 6750000 linhas da tabela empresa (chunk 135)
2026-04-24 02:47:30,918 - INFO - Inserido lote de 10000 registros em empresa (total: 1)
2026-04-24 02:47:33,583 - INFO - Inserido lote de 10000 registros em empresa (total: 2)
2026-04-24 02:47:36,229 - INFO - Inserido lote de 10000 registros em empresa (total: 3)
2026-04-24 02:47:38,901 - INFO - Inserido lote de 10000 registros em empresa (total: 4)
2026-04-24 02:47:41,605 - INFO - Inserido lote de 10000 registros em empresa (total: 5)
2026-04-24 02:47:41,606 - INFO - Processadas 6800000 linhas da tabela empresa (chunk 136)
2026-04-24 02:47:44,908 - INFO - Inserido lote de 10000 registros em empresa (total: 1)
2026-04-24 02:47:47,581 - INFO - Inserido lote de 10000 registros em empresa (total: 2)
2026-04-24 02:47:50,269 - INFO - Inserido lote de 10000 registros em empresa (total: 3)
2026-04-24 02:47:52,974 - INFO - Inserido lote de 10000 registros em empresa (total: 4)
2026-04-24 02:47:55,701 - INFO - Inserido lote de 10000 registros em empresa (total: 5)
2026-04-24 02:47:55,701 - INFO - Processadas 6850000 linhas da tabela empresa (chunk 137)
2026-04-24 02:47:58,973 - INFO - Inserido lote de 10000 registros em empresa (total: 1)
2026-04-24 02:48:01,633 - INFO - Inserido lote de 10000 registros em empresa (total: 2)
2026-04-24 02:48:04,310 - INFO - Inserido lote de 10000 registros em empresa (total: 3)
2026-04-24 02:48:06,946 - INFO - Inserido lote de 10000 registros em empresa (total: 4)
2026-04-24 02:48:09,679 - INFO - Inserido lote de 10000 registros em empresa (total: 5)
2026-04-24 02:48:09,680 - INFO - Processadas 6900000 linhas da tabela empresa (chunk 138)
2026-04-24 02:48:12,904 - INFO - Inserido lote de 10000 registros em empresa (total: 1)
2026-04-24 02:48:15,605 - INFO - Inserido lote de 10000 registros em empresa (total: 2)
2026-04-24 02:48:18,329 - INFO - Inserido lote de 10000 registros em empresa (total: 3)
2026-04-24 02:48:21,038 - INFO - Inserido lote de 10000 registros em empresa (total: 4)
2026-04-24 02:48:23,784 - INFO - Inserido lote de 10000 registros em empresa (total: 5)
2026-04-24 02:48:23,784 - INFO - Processadas 6950000 linhas da tabela empresa (chunk 139)
2026-04-24 02:48:27,022 - INFO - Inserido lote de 10000 registros em empresa (total: 1)
2026-04-24 02:48:29,732 - INFO - Inserido lote de 10000 registros em empresa (total: 2)
2026-04-24 02:48:32,492 - INFO - Inserido lote de 10000 registros em empresa (total: 3)
2026-04-24 02:48:35,190 - INFO - Inserido lote de 10000 registros em empresa (total: 4)
2026-04-24 02:48:37,954 - INFO - Inserido lote de 10000 registros em empresa (total: 5)
2026-04-24 02:48:37,955 - INFO - Processadas 7000000 linhas da tabela empresa (chunk 140)
2026-04-24 02:48:41,185 - INFO - Inserido lote de 10000 registros em empresa (total: 1)
2026-04-24 02:48:43,835 - INFO - Inserido lote de 10000 registros em empresa (total: 2)
2026-04-24 02:48:46,527 - INFO - Inserido lote de 10000 registros em empresa (total: 3)
2026-04-24 02:48:49,218 - INFO - Inserido lote de 10000 registros em empresa (total: 4)
2026-04-24 02:48:51,972 - INFO - Inserido lote de 10000 registros em empresa (total: 5)
2026-04-24 02:48:51,973 - INFO - Processadas 7050000 linhas da tabela empresa (chunk 141)
2026-04-24 02:48:55,182 - INFO - Inserido lote de 10000 registros em empresa (total: 1)
2026-04-24 02:48:57,870 - INFO - Inserido lote de 10000 registros em empresa (total: 2)
2026-04-24 02:49:00,573 - INFO - Inserido lote de 10000 registros em empresa (total: 3)
2026-04-24 02:49:03,266 - INFO - Inserido lote de 10000 registros em empresa (total: 4)
2026-04-24 02:49:06,051 - INFO - Inserido lote de 10000 registros em empresa (total: 5)
2026-04-24 02:49:06,051 - INFO - Processadas 7100000 linhas da tabela empresa (chunk 142)
2026-04-24 02:49:09,290 - INFO - Inserido lote de 10000 registros em empresa (total: 1)
2026-04-24 02:49:11,949 - INFO - Inserido lote de 10000 registros em empresa (total: 2)
2026-04-24 02:49:14,654 - INFO - Inserido lote de 10000 registros em empresa (total: 3)
2026-04-24 02:49:17,347 - INFO - Inserido lote de 10000 registros em empresa (total: 4)
2026-04-24 02:49:20,085 - INFO - Inserido lote de 10000 registros em empresa (total: 5)
2026-04-24 02:49:20,086 - INFO - Processadas 7150000 linhas da tabela empresa (chunk 143)
2026-04-24 02:49:23,304 - INFO - Inserido lote de 10000 registros em empresa (total: 1)
2026-04-24 02:49:25,952 - INFO - Inserido lote de 10000 registros em empresa (total: 2)
2026-04-24 02:49:28,677 - INFO - Inserido lote de 10000 registros em empresa (total: 3)
2026-04-24 02:49:31,384 - INFO - Inserido lote de 10000 registros em empresa (total: 4)
2026-04-24 02:49:34,136 - INFO - Inserido lote de 10000 registros em empresa (total: 5)
2026-04-24 02:49:34,137 - INFO - Processadas 7200000 linhas da tabela empresa (chunk 144)
2026-04-24 02:49:37,368 - INFO - Inserido lote de 10000 registros em empresa (total: 1)
2026-04-24 02:49:40,079 - INFO - Inserido lote de 10000 registros em empresa (total: 2)
2026-04-24 02:49:42,822 - INFO - Inserido lote de 10000 registros em empresa (total: 3)
2026-04-24 02:49:45,540 - INFO - Inserido lote de 10000 registros em empresa (total: 4)
2026-04-24 02:49:48,305 - INFO - Inserido lote de 10000 registros em empresa (total: 5)
2026-04-24 02:49:48,305 - INFO - Processadas 7250000 linhas da tabela empresa (chunk 145)
2026-04-24 02:49:51,515 - INFO - Inserido lote de 10000 registros em empresa (total: 1)
2026-04-24 02:49:54,200 - INFO - Inserido lote de 10000 registros em empresa (total: 2)
2026-04-24 02:49:56,905 - INFO - Inserido lote de 10000 registros em empresa (total: 3)
2026-04-24 02:49:59,595 - INFO - Inserido lote de 10000 registros em empresa (total: 4)
2026-04-24 02:50:02,337 - INFO - Inserido lote de 10000 registros em empresa (total: 5)
2026-04-24 02:50:02,338 - INFO - Processadas 7300000 linhas da tabela empresa (chunk 146)
2026-04-24 02:50:05,619 - INFO - Inserido lote de 10000 registros em empresa (total: 1)
2026-04-24 02:50:08,296 - INFO - Inserido lote de 10000 registros em empresa (total: 2)
2026-04-24 02:50:10,953 - INFO - Inserido lote de 10000 registros em empresa (total: 3)
2026-04-24 02:50:13,661 - INFO - Inserido lote de 10000 registros em empresa (total: 4)
2026-04-24 02:50:16,401 - INFO - Inserido lote de 10000 registros em empresa (total: 5)
2026-04-24 02:50:16,402 - INFO - Processadas 7350000 linhas da tabela empresa (chunk 147)
2026-04-24 02:50:19,888 - INFO - Inserido lote de 10000 registros em empresa (total: 1)
2026-04-24 02:50:22,583 - INFO - Inserido lote de 10000 registros em empresa (total: 2)
2026-04-24 02:50:25,295 - INFO - Inserido lote de 10000 registros em empresa (total: 3)
2026-04-24 02:50:27,981 - INFO - Inserido lote de 10000 registros em empresa (total: 4)
2026-04-24 02:50:30,711 - INFO - Inserido lote de 10000 registros em empresa (total: 5)
2026-04-24 02:50:30,711 - INFO - Processadas 7400000 linhas da tabela empresa (chunk 148)
2026-04-24 02:50:33,970 - INFO - Inserido lote de 10000 registros em empresa (total: 1)
2026-04-24 02:50:36,662 - INFO - Inserido lote de 10000 registros em empresa (total: 2)
2026-04-24 02:50:39,368 - INFO - Inserido lote de 10000 registros em empresa (total: 3)
2026-04-24 02:50:42,030 - INFO - Inserido lote de 10000 registros em empresa (total: 4)
2026-04-24 02:50:44,749 - INFO - Inserido lote de 10000 registros em empresa (total: 5)
2026-04-24 02:50:44,749 - INFO - Processadas 7450000 linhas da tabela empresa (chunk 149)
2026-04-24 02:50:48,014 - INFO - Inserido lote de 10000 registros em empresa (total: 1)
2026-04-24 02:50:50,681 - INFO - Inserido lote de 10000 registros em empresa (total: 2)
2026-04-24 02:50:53,362 - INFO - Inserido lote de 10000 registros em empresa (total: 3)
2026-04-24 02:50:56,042 - INFO - Inserido lote de 10000 registros em empresa (total: 4)
2026-04-24 02:50:58,808 - INFO - Inserido lote de 10000 registros em empresa (total: 5)
2026-04-24 02:50:58,809 - INFO - Processadas 7500000 linhas da tabela empresa (chunk 150)
2026-04-24 02:51:02,047 - INFO - Inserido lote de 10000 registros em empresa (total: 1)
2026-04-24 02:51:04,722 - INFO - Inserido lote de 10000 registros em empresa (total: 2)
2026-04-24 02:51:07,408 - INFO - Inserido lote de 10000 registros em empresa (total: 3)
2026-04-24 02:51:10,098 - INFO - Inserido lote de 10000 registros em empresa (total: 4)
2026-04-24 02:51:12,835 - INFO - Inserido lote de 10000 registros em empresa (total: 5)
2026-04-24 02:51:12,835 - INFO - Processadas 7550000 linhas da tabela empresa (chunk 151)
2026-04-24 02:51:16,037 - INFO - Inserido lote de 10000 registros em empresa (total: 1)
2026-04-24 02:51:18,711 - INFO - Inserido lote de 10000 registros em empresa (total: 2)
2026-04-24 02:51:21,405 - INFO - Inserido lote de 10000 registros em empresa (total: 3)
2026-04-24 02:51:24,076 - INFO - Inserido lote de 10000 registros em empresa (total: 4)
2026-04-24 02:51:26,822 - INFO - Inserido lote de 10000 registros em empresa (total: 5)
2026-04-24 02:51:26,823 - INFO - Processadas 7600000 linhas da tabela empresa (chunk 152)
2026-04-24 02:51:30,077 - INFO - Inserido lote de 10000 registros em empresa (total: 1)
2026-04-24 02:51:32,716 - INFO - Inserido lote de 10000 registros em empresa (total: 2)
2026-04-24 02:51:35,370 - INFO - Inserido lote de 10000 registros em empresa (total: 3)
2026-04-24 02:51:38,038 - INFO - Inserido lote de 10000 registros em empresa (total: 4)
2026-04-24 02:51:40,765 - INFO - Inserido lote de 10000 registros em empresa (total: 5)
2026-04-24 02:51:40,765 - INFO - Processadas 7650000 linhas da tabela empresa (chunk 153)
2026-04-24 02:51:44,020 - INFO - Inserido lote de 10000 registros em empresa (total: 1)
2026-04-24 02:51:46,689 - INFO - Inserido lote de 10000 registros em empresa (total: 2)
2026-04-24 02:51:49,375 - INFO - Inserido lote de 10000 registros em empresa (total: 3)
2026-04-24 02:51:52,030 - INFO - Inserido lote de 10000 registros em empresa (total: 4)
2026-04-24 02:51:54,781 - INFO - Inserido lote de 10000 registros em empresa (total: 5)
2026-04-24 02:51:54,782 - INFO - Processadas 7700000 linhas da tabela empresa (chunk 154)
2026-04-24 02:51:58,311 - INFO - Inserido lote de 10000 registros em empresa (total: 1)
2026-04-24 02:52:00,981 - INFO - Inserido lote de 10000 registros em empresa (total: 2)
2026-04-24 02:52:03,694 - INFO - Inserido lote de 10000 registros em empresa (total: 3)
2026-04-24 02:52:06,393 - INFO - Inserido lote de 10000 registros em empresa (total: 4)
2026-04-24 02:52:09,133 - INFO - Inserido lote de 10000 registros em empresa (total: 5)
2026-04-24 02:52:09,134 - INFO - Processadas 7750000 linhas da tabela empresa (chunk 155)
2026-04-24 02:52:12,281 - INFO - Inserido lote de 10000 registros em empresa (total: 1)
2026-04-24 02:52:14,937 - INFO - Inserido lote de 10000 registros em empresa (total: 2)
2026-04-24 02:52:17,579 - INFO - Inserido lote de 10000 registros em empresa (total: 3)
2026-04-24 02:52:20,266 - INFO - Inserido lote de 10000 registros em empresa (total: 4)
2026-04-24 02:52:22,964 - INFO - Inserido lote de 10000 registros em empresa (total: 5)
2026-04-24 02:52:22,964 - INFO - Processadas 7800000 linhas da tabela empresa (chunk 156)
2026-04-24 02:52:26,483 - INFO - Inserido lote de 10000 registros em empresa (total: 1)
2026-04-24 02:52:29,127 - INFO - Inserido lote de 10000 registros em empresa (total: 2)
2026-04-24 02:52:31,793 - INFO - Inserido lote de 10000 registros em empresa (total: 3)
2026-04-24 02:52:34,435 - INFO - Inserido lote de 10000 registros em empresa (total: 4)
2026-04-24 02:52:37,129 - INFO - Inserido lote de 10000 registros em empresa (total: 5)
2026-04-24 02:52:37,129 - INFO - Processadas 7850000 linhas da tabela empresa (chunk 157)
2026-04-24 02:52:40,654 - INFO - Inserido lote de 10000 registros em empresa (total: 1)
2026-04-24 02:52:43,341 - INFO - Inserido lote de 10000 registros em empresa (total: 2)
2026-04-24 02:52:46,023 - INFO - Inserido lote de 10000 registros em empresa (total: 3)
2026-04-24 02:52:48,698 - INFO - Inserido lote de 10000 registros em empresa (total: 4)
2026-04-24 02:52:51,970 - INFO - Inserido lote de 10000 registros em empresa (total: 5)
2026-04-24 02:52:51,971 - INFO - Processadas 7900000 linhas da tabela empresa (chunk 158)
2026-04-24 02:52:55,172 - INFO - Inserido lote de 10000 registros em empresa (total: 1)
2026-04-24 02:52:57,867 - INFO - Inserido lote de 10000 registros em empresa (total: 2)
2026-04-24 02:53:00,584 - INFO - Inserido lote de 10000 registros em empresa (total: 3)
2026-04-24 02:53:03,278 - INFO - Inserido lote de 10000 registros em empresa (total: 4)
2026-04-24 02:53:06,046 - INFO - Inserido lote de 10000 registros em empresa (total: 5)
2026-04-24 02:53:06,046 - INFO - Processadas 7950000 linhas da tabela empresa (chunk 159)
2026-04-24 02:53:09,242 - INFO - Inserido lote de 10000 registros em empresa (total: 1)
2026-04-24 02:53:11,909 - INFO - Inserido lote de 10000 registros em empresa (total: 2)
2026-04-24 02:53:14,595 - INFO - Inserido lote de 10000 registros em empresa (total: 3)
2026-04-24 02:53:17,296 - INFO - Inserido lote de 10000 registros em empresa (total: 4)
2026-04-24 02:53:20,019 - INFO - Inserido lote de 10000 registros em empresa (total: 5)
2026-04-24 02:53:20,019 - INFO - Processadas 8000000 linhas da tabela empresa (chunk 160)
2026-04-24 02:53:23,259 - INFO - Inserido lote de 10000 registros em empresa (total: 1)
2026-04-24 02:53:25,915 - INFO - Inserido lote de 10000 registros em empresa (total: 2)
2026-04-24 02:53:28,575 - INFO - Inserido lote de 10000 registros em empresa (total: 3)
2026-04-24 02:53:31,243 - INFO - Inserido lote de 10000 registros em empresa (total: 4)
2026-04-24 02:53:33,981 - INFO - Inserido lote de 10000 registros em empresa (total: 5)
2026-04-24 02:53:33,981 - INFO - Processadas 8050000 linhas da tabela empresa (chunk 161)
2026-04-24 02:53:37,243 - INFO - Inserido lote de 10000 registros em empresa (total: 1)
2026-04-24 02:53:39,901 - INFO - Inserido lote de 10000 registros em empresa (total: 2)
2026-04-24 02:53:42,587 - INFO - Inserido lote de 10000 registros em empresa (total: 3)
2026-04-24 02:53:45,273 - INFO - Inserido lote de 10000 registros em empresa (total: 4)
2026-04-24 02:53:48,008 - INFO - Inserido lote de 10000 registros em empresa (total: 5)
2026-04-24 02:53:48,008 - INFO - Processadas 8100000 linhas da tabela empresa (chunk 162)
2026-04-24 02:53:51,241 - INFO - Inserido lote de 10000 registros em empresa (total: 1)
2026-04-24 02:53:53,931 - INFO - Inserido lote de 10000 registros em empresa (total: 2)
2026-04-24 02:53:56,608 - INFO - Inserido lote de 10000 registros em empresa (total: 3)
2026-04-24 02:53:59,284 - INFO - Inserido lote de 10000 registros em empresa (total: 4)
2026-04-24 02:54:02,041 - INFO - Inserido lote de 10000 registros em empresa (total: 5)
2026-04-24 02:54:02,041 - INFO - Processadas 8150000 linhas da tabela empresa (chunk 163)
2026-04-24 02:54:05,298 - INFO - Inserido lote de 10000 registros em empresa (total: 1)
2026-04-24 02:54:07,955 - INFO - Inserido lote de 10000 registros em empresa (total: 2)
2026-04-24 02:54:10,639 - INFO - Inserido lote de 10000 registros em empresa (total: 3)
2026-04-24 02:54:13,330 - INFO - Inserido lote de 10000 registros em empresa (total: 4)
2026-04-24 02:54:16,079 - INFO - Inserido lote de 10000 registros em empresa (total: 5)
2026-04-24 02:54:16,080 - INFO - Processadas 8200000 linhas da tabela empresa (chunk 164)
2026-04-24 02:54:19,362 - INFO - Inserido lote de 10000 registros em empresa (total: 1)
2026-04-24 02:54:22,046 - INFO - Inserido lote de 10000 registros em empresa (total: 2)
2026-04-24 02:54:24,735 - INFO - Inserido lote de 10000 registros em empresa (total: 3)
2026-04-24 02:54:27,425 - INFO - Inserido lote de 10000 registros em empresa (total: 4)
2026-04-24 02:54:30,151 - INFO - Inserido lote de 10000 registros em empresa (total: 5)
2026-04-24 02:54:30,151 - INFO - Processadas 8250000 linhas da tabela empresa (chunk 165)
2026-04-24 02:54:33,401 - INFO - Inserido lote de 10000 registros em empresa (total: 1)
2026-04-24 02:54:36,130 - INFO - Inserido lote de 10000 registros em empresa (total: 2)
2026-04-24 02:54:38,844 - INFO - Inserido lote de 10000 registros em empresa (total: 3)
2026-04-24 02:54:41,516 - INFO - Inserido lote de 10000 registros em empresa (total: 4)
2026-04-24 02:54:44,291 - INFO - Inserido lote de 10000 registros em empresa (total: 5)
2026-04-24 02:54:44,291 - INFO - Processadas 8300000 linhas da tabela empresa (chunk 166)
2026-04-24 02:54:47,525 - INFO - Inserido lote de 10000 registros em empresa (total: 1)
2026-04-24 02:54:50,180 - INFO - Inserido lote de 10000 registros em empresa (total: 2)
2026-04-24 02:54:52,876 - INFO - Inserido lote de 10000 registros em empresa (total: 3)
2026-04-24 02:54:55,560 - INFO - Inserido lote de 10000 registros em empresa (total: 4)
2026-04-24 02:54:58,301 - INFO - Inserido lote de 10000 registros em empresa (total: 5)
2026-04-24 02:54:58,302 - INFO - Processadas 8350000 linhas da tabela empresa (chunk 167)
2026-04-24 02:55:01,628 - INFO - Inserido lote de 10000 registros em empresa (total: 1)
2026-04-24 02:55:04,362 - INFO - Inserido lote de 10000 registros em empresa (total: 2)
2026-04-24 02:55:07,067 - INFO - Inserido lote de 10000 registros em empresa (total: 3)
2026-04-24 02:55:09,779 - INFO - Inserido lote de 10000 registros em empresa (total: 4)
2026-04-24 02:55:12,512 - INFO - Inserido lote de 10000 registros em empresa (total: 5)
2026-04-24 02:55:12,513 - INFO - Processadas 8400000 linhas da tabela empresa (chunk 168)
2026-04-24 02:55:15,724 - INFO - Inserido lote de 10000 registros em empresa (total: 1)
2026-04-24 02:55:18,437 - INFO - Inserido lote de 10000 registros em empresa (total: 2)
2026-04-24 02:55:21,088 - INFO - Inserido lote de 10000 registros em empresa (total: 3)
2026-04-24 02:55:23,765 - INFO - Inserido lote de 10000 registros em empresa (total: 4)
2026-04-24 02:55:26,478 - INFO - Inserido lote de 10000 registros em empresa (total: 5)
2026-04-24 02:55:26,479 - INFO - Processadas 8450000 linhas da tabela empresa (chunk 169)
2026-04-24 02:55:29,727 - INFO - Inserido lote de 10000 registros em empresa (total: 1)
2026-04-24 02:55:32,398 - INFO - Inserido lote de 10000 registros em empresa (total: 2)
2026-04-24 02:55:35,113 - INFO - Inserido lote de 10000 registros em empresa (total: 3)
2026-04-24 02:55:37,806 - INFO - Inserido lote de 10000 registros em empresa (total: 4)
2026-04-24 02:55:40,588 - INFO - Inserido lote de 10000 registros em empresa (total: 5)
2026-04-24 02:55:40,588 - INFO - Processadas 8500000 linhas da tabela empresa (chunk 170)
2026-04-24 02:55:43,827 - INFO - Inserido lote de 10000 registros em empresa (total: 1)
2026-04-24 02:55:46,513 - INFO - Inserido lote de 10000 registros em empresa (total: 2)
2026-04-24 02:55:49,180 - INFO - Inserido lote de 10000 registros em empresa (total: 3)
2026-04-24 02:55:51,869 - INFO - Inserido lote de 10000 registros em empresa (total: 4)
2026-04-24 02:55:54,590 - INFO - Inserido lote de 10000 registros em empresa (total: 5)
2026-04-24 02:55:54,590 - INFO - Processadas 8550000 linhas da tabela empresa (chunk 171)
2026-04-24 02:55:57,795 - INFO - Inserido lote de 10000 registros em empresa (total: 1)
2026-04-24 02:56:00,491 - INFO - Inserido lote de 10000 registros em empresa (total: 2)
2026-04-24 02:56:03,157 - INFO - Inserido lote de 10000 registros em empresa (total: 3)
2026-04-24 02:56:05,871 - INFO - Inserido lote de 10000 registros em empresa (total: 4)
2026-04-24 02:56:08,587 - INFO - Inserido lote de 10000 registros em empresa (total: 5)
2026-04-24 02:56:08,588 - INFO - Processadas 8600000 linhas da tabela empresa (chunk 172)
2026-04-24 02:56:11,826 - INFO - Inserido lote de 10000 registros em empresa (total: 1)
2026-04-24 02:56:14,549 - INFO - Inserido lote de 10000 registros em empresa (total: 2)
2026-04-24 02:56:17,251 - INFO - Inserido lote de 10000 registros em empresa (total: 3)
2026-04-24 02:56:19,924 - INFO - Inserido lote de 10000 registros em empresa (total: 4)
2026-04-24 02:56:22,656 - INFO - Inserido lote de 10000 registros em empresa (total: 5)
2026-04-24 02:56:22,657 - INFO - Processadas 8650000 linhas da tabela empresa (chunk 173)
2026-04-24 02:56:25,888 - INFO - Inserido lote de 10000 registros em empresa (total: 1)
2026-04-24 02:56:28,557 - INFO - Inserido lote de 10000 registros em empresa (total: 2)
2026-04-24 02:56:31,249 - INFO - Inserido lote de 10000 registros em empresa (total: 3)
2026-04-24 02:56:33,920 - INFO - Inserido lote de 10000 registros em empresa (total: 4)
2026-04-24 02:56:36,679 - INFO - Inserido lote de 10000 registros em empresa (total: 5)
2026-04-24 02:56:36,679 - INFO - Processadas 8700000 linhas da tabela empresa (chunk 174)
2026-04-24 02:56:39,886 - INFO - Inserido lote de 10000 registros em empresa (total: 1)
2026-04-24 02:56:42,576 - INFO - Inserido lote de 10000 registros em empresa (total: 2)
2026-04-24 02:56:45,283 - INFO - Inserido lote de 10000 registros em empresa (total: 3)
2026-04-24 02:56:47,957 - INFO - Inserido lote de 10000 registros em empresa (total: 4)
2026-04-24 02:56:50,710 - INFO - Inserido lote de 10000 registros em empresa (total: 5)
2026-04-24 02:56:50,711 - INFO - Processadas 8750000 linhas da tabela empresa (chunk 175)
2026-04-24 02:56:54,249 - INFO - Inserido lote de 10000 registros em empresa (total: 1)
2026-04-24 02:56:56,949 - INFO - Inserido lote de 10000 registros em empresa (total: 2)
2026-04-24 02:56:59,662 - INFO - Inserido lote de 10000 registros em empresa (total: 3)
2026-04-24 02:57:02,416 - INFO - Inserido lote de 10000 registros em empresa (total: 4)
2026-04-24 02:57:05,207 - INFO - Inserido lote de 10000 registros em empresa (total: 5)
2026-04-24 02:57:05,208 - INFO - Processadas 8800000 linhas da tabela empresa (chunk 176)
2026-04-24 02:57:08,409 - INFO - Inserido lote de 10000 registros em empresa (total: 1)
2026-04-24 02:57:11,070 - INFO - Inserido lote de 10000 registros em empresa (total: 2)
2026-04-24 02:57:13,733 - INFO - Inserido lote de 10000 registros em empresa (total: 3)
2026-04-24 02:57:16,438 - INFO - Inserido lote de 10000 registros em empresa (total: 4)
2026-04-24 02:57:19,153 - INFO - Inserido lote de 10000 registros em empresa (total: 5)
2026-04-24 02:57:19,154 - INFO - Processadas 8850000 linhas da tabela empresa (chunk 177)
2026-04-24 02:57:22,367 - INFO - Inserido lote de 10000 registros em empresa (total: 1)
2026-04-24 02:57:25,041 - INFO - Inserido lote de 10000 registros em empresa (total: 2)
2026-04-24 02:57:27,726 - INFO - Inserido lote de 10000 registros em empresa (total: 3)
2026-04-24 02:57:30,426 - INFO - Inserido lote de 10000 registros em empresa (total: 4)
2026-04-24 02:57:33,155 - INFO - Inserido lote de 10000 registros em empresa (total: 5)
2026-04-24 02:57:33,155 - INFO - Processadas 8900000 linhas da tabela empresa (chunk 178)
2026-04-24 02:57:36,333 - INFO - Inserido lote de 10000 registros em empresa (total: 1)
2026-04-24 02:57:39,005 - INFO - Inserido lote de 10000 registros em empresa (total: 2)
2026-04-24 02:57:41,730 - INFO - Inserido lote de 10000 registros em empresa (total: 3)
2026-04-24 02:57:44,403 - INFO - Inserido lote de 10000 registros em empresa (total: 4)
2026-04-24 02:57:47,170 - INFO - Inserido lote de 10000 registros em empresa (total: 5)
2026-04-24 02:57:47,170 - INFO - Processadas 8950000 linhas da tabela empresa (chunk 179)
2026-04-24 02:57:50,370 - INFO - Inserido lote de 10000 registros em empresa (total: 1)
2026-04-24 02:57:53,059 - INFO - Inserido lote de 10000 registros em empresa (total: 2)
2026-04-24 02:57:55,762 - INFO - Inserido lote de 10000 registros em empresa (total: 3)
2026-04-24 02:57:58,405 - INFO - Inserido lote de 10000 registros em empresa (total: 4)
2026-04-24 02:58:01,193 - INFO - Inserido lote de 10000 registros em empresa (total: 5)
2026-04-24 02:58:01,194 - INFO - Processadas 9000000 linhas da tabela empresa (chunk 180)
2026-04-24 02:58:04,396 - INFO - Inserido lote de 10000 registros em empresa (total: 1)
2026-04-24 02:58:07,066 - INFO - Inserido lote de 10000 registros em empresa (total: 2)
2026-04-24 02:58:09,729 - INFO - Inserido lote de 10000 registros em empresa (total: 3)
2026-04-24 02:58:12,418 - INFO - Inserido lote de 10000 registros em empresa (total: 4)
2026-04-24 02:58:15,169 - INFO - Inserido lote de 10000 registros em empresa (total: 5)
2026-04-24 02:58:15,170 - INFO - Processadas 9050000 linhas da tabela empresa (chunk 181)
2026-04-24 02:58:18,395 - INFO - Inserido lote de 10000 registros em empresa (total: 1)
2026-04-24 02:58:21,041 - INFO - Inserido lote de 10000 registros em empresa (total: 2)
2026-04-24 02:58:23,676 - INFO - Inserido lote de 10000 registros em empresa (total: 3)
2026-04-24 02:58:26,320 - INFO - Inserido lote de 10000 registros em empresa (total: 4)
2026-04-24 02:58:29,036 - INFO - Inserido lote de 10000 registros em empresa (total: 5)
2026-04-24 02:58:29,037 - INFO - Processadas 9100000 linhas da tabela empresa (chunk 182)
2026-04-24 02:58:32,224 - INFO - Inserido lote de 10000 registros em empresa (total: 1)
2026-04-24 02:58:34,888 - INFO - Inserido lote de 10000 registros em empresa (total: 2)
2026-04-24 02:58:37,566 - INFO - Inserido lote de 10000 registros em empresa (total: 3)
2026-04-24 02:58:40,222 - INFO - Inserido lote de 10000 registros em empresa (total: 4)
2026-04-24 02:58:42,974 - INFO - Inserido lote de 10000 registros em empresa (total: 5)
2026-04-24 02:58:42,975 - INFO - Processadas 9150000 linhas da tabela empresa (chunk 183)
2026-04-24 02:58:46,255 - INFO - Inserido lote de 10000 registros em empresa (total: 1)
2026-04-24 02:58:48,977 - INFO - Inserido lote de 10000 registros em empresa (total: 2)
2026-04-24 02:58:51,626 - INFO - Inserido lote de 10000 registros em empresa (total: 3)
2026-04-24 02:58:54,274 - INFO - Inserido lote de 10000 registros em empresa (total: 4)
2026-04-24 02:58:56,983 - INFO - Inserido lote de 10000 registros em empresa (total: 5)
2026-04-24 02:58:56,984 - INFO - Processadas 9200000 linhas da tabela empresa (chunk 184)
2026-04-24 02:59:00,194 - INFO - Inserido lote de 10000 registros em empresa (total: 1)
2026-04-24 02:59:02,856 - INFO - Inserido lote de 10000 registros em empresa (total: 2)
2026-04-24 02:59:05,573 - INFO - Inserido lote de 10000 registros em empresa (total: 3)
2026-04-24 02:59:08,241 - INFO - Inserido lote de 10000 registros em empresa (total: 4)
2026-04-24 02:59:10,987 - INFO - Inserido lote de 10000 registros em empresa (total: 5)
2026-04-24 02:59:10,987 - INFO - Processadas 9250000 linhas da tabela empresa (chunk 185)
2026-04-24 02:59:14,212 - INFO - Inserido lote de 10000 registros em empresa (total: 1)
2026-04-24 02:59:16,867 - INFO - Inserido lote de 10000 registros em empresa (total: 2)
2026-04-24 02:59:19,534 - INFO - Inserido lote de 10000 registros em empresa (total: 3)
2026-04-24 02:59:22,209 - INFO - Inserido lote de 10000 registros em empresa (total: 4)
2026-04-24 02:59:24,945 - INFO - Inserido lote de 10000 registros em empresa (total: 5)
2026-04-24 02:59:24,945 - INFO - Processadas 9300000 linhas da tabela empresa (chunk 186)
2026-04-24 02:59:28,188 - INFO - Inserido lote de 10000 registros em empresa (total: 1)
2026-04-24 02:59:30,844 - INFO - Inserido lote de 10000 registros em empresa (total: 2)
2026-04-24 02:59:33,574 - INFO - Inserido lote de 10000 registros em empresa (total: 3)
2026-04-24 02:59:36,215 - INFO - Inserido lote de 10000 registros em empresa (total: 4)
2026-04-24 02:59:38,916 - INFO - Inserido lote de 10000 registros em empresa (total: 5)
2026-04-24 02:59:38,917 - INFO - Processadas 9350000 linhas da tabela empresa (chunk 187)
2026-04-24 02:59:42,092 - INFO - Inserido lote de 10000 registros em empresa (total: 1)
2026-04-24 02:59:44,823 - INFO - Inserido lote de 10000 registros em empresa (total: 2)
2026-04-24 02:59:47,493 - INFO - Inserido lote de 10000 registros em empresa (total: 3)
2026-04-24 02:59:50,174 - INFO - Inserido lote de 10000 registros em empresa (total: 4)
2026-04-24 02:59:53,223 - INFO - Inserido lote de 10000 registros em empresa (total: 5)
2026-04-24 02:59:53,224 - INFO - Processadas 9400000 linhas da tabela empresa (chunk 188)
2026-04-24 02:59:56,428 - INFO - Inserido lote de 10000 registros em empresa (total: 1)
2026-04-24 02:59:59,103 - INFO - Inserido lote de 10000 registros em empresa (total: 2)
2026-04-24 03:00:01,799 - INFO - Inserido lote de 10000 registros em empresa (total: 3)
2026-04-24 03:00:04,502 - INFO - Inserido lote de 10000 registros em empresa (total: 4)
2026-04-24 03:00:07,262 - INFO - Inserido lote de 10000 registros em empresa (total: 5)
2026-04-24 03:00:07,263 - INFO - Processadas 9450000 linhas da tabela empresa (chunk 189)
2026-04-24 03:00:10,510 - INFO - Inserido lote de 10000 registros em empresa (total: 1)
2026-04-24 03:00:13,254 - INFO - Inserido lote de 10000 registros em empresa (total: 2)
2026-04-24 03:00:15,957 - INFO - Inserido lote de 10000 registros em empresa (total: 3)
2026-04-24 03:00:18,669 - INFO - Inserido lote de 10000 registros em empresa (total: 4)
2026-04-24 03:00:21,837 - INFO - Inserido lote de 10000 registros em empresa (total: 5)
2026-04-24 03:00:21,837 - INFO - Processadas 9500000 linhas da tabela empresa (chunk 190)
2026-04-24 03:00:25,379 - INFO - Inserido lote de 10000 registros em empresa (total: 1)
2026-04-24 03:00:28,096 - INFO - Inserido lote de 10000 registros em empresa (total: 2)
2026-04-24 03:00:30,945 - INFO - Inserido lote de 10000 registros em empresa (total: 3)
2026-04-24 03:00:33,810 - INFO - Inserido lote de 10000 registros em empresa (total: 4)
2026-04-24 03:00:36,600 - INFO - Inserido lote de 10000 registros em empresa (total: 5)
2026-04-24 03:00:36,601 - INFO - Processadas 9550000 linhas da tabela empresa (chunk 191)
2026-04-24 03:00:40,028 - INFO - Inserido lote de 10000 registros em empresa (total: 1)
2026-04-24 03:00:42,702 - INFO - Inserido lote de 10000 registros em empresa (total: 2)
2026-04-24 03:00:45,392 - INFO - Inserido lote de 10000 registros em empresa (total: 3)
2026-04-24 03:00:48,064 - INFO - Inserido lote de 10000 registros em empresa (total: 4)
2026-04-24 03:00:50,783 - INFO - Inserido lote de 10000 registros em empresa (total: 5)
2026-04-24 03:00:50,783 - INFO - Processadas 9600000 linhas da tabela empresa (chunk 192)
2026-04-24 03:00:53,990 - INFO - Inserido lote de 10000 registros em empresa (total: 1)
2026-04-24 03:00:56,681 - INFO - Inserido lote de 10000 registros em empresa (total: 2)
2026-04-24 03:00:59,374 - INFO - Inserido lote de 10000 registros em empresa (total: 3)
2026-04-24 03:01:02,047 - INFO - Inserido lote de 10000 registros em empresa (total: 4)
2026-04-24 03:01:05,117 - INFO - Inserido lote de 10000 registros em empresa (total: 5)
2026-04-24 03:01:05,117 - INFO - Processadas 9650000 linhas da tabela empresa (chunk 193)
2026-04-24 03:01:08,784 - INFO - Inserido lote de 10000 registros em empresa (total: 1)
2026-04-24 03:01:11,455 - INFO - Inserido lote de 10000 registros em empresa (total: 2)
2026-04-24 03:01:14,063 - INFO - Inserido lote de 10000 registros em empresa (total: 3)
2026-04-24 03:01:16,689 - INFO - Inserido lote de 10000 registros em empresa (total: 4)
2026-04-24 03:01:19,408 - INFO - Inserido lote de 10000 registros em empresa (total: 5)
2026-04-24 03:01:19,409 - INFO - Processadas 9700000 linhas da tabela empresa (chunk 194)
2026-04-24 03:01:22,717 - INFO - Inserido lote de 10000 registros em empresa (total: 1)
2026-04-24 03:01:25,369 - INFO - Inserido lote de 10000 registros em empresa (total: 2)
2026-04-24 03:01:28,046 - INFO - Inserido lote de 10000 registros em empresa (total: 3)
2026-04-24 03:01:30,677 - INFO - Inserido lote de 10000 registros em empresa (total: 4)
2026-04-24 03:01:33,432 - INFO - Inserido lote de 10000 registros em empresa (total: 5)
2026-04-24 03:01:33,433 - INFO - Processadas 9750000 linhas da tabela empresa (chunk 195)
2026-04-24 03:01:36,587 - INFO - Inserido lote de 10000 registros em empresa (total: 1)
2026-04-24 03:01:39,292 - INFO - Inserido lote de 10000 registros em empresa (total: 2)
2026-04-24 03:01:41,938 - INFO - Inserido lote de 10000 registros em empresa (total: 3)
2026-04-24 03:01:44,805 - INFO - Inserido lote de 10000 registros em empresa (total: 4)
2026-04-24 03:01:47,874 - INFO - Inserido lote de 10000 registros em empresa (total: 5)
2026-04-24 03:01:47,875 - INFO - Processadas 9800000 linhas da tabela empresa (chunk 196)
2026-04-24 03:01:51,248 - INFO - Inserido lote de 10000 registros em empresa (total: 1)
2026-04-24 03:01:53,953 - INFO - Inserido lote de 10000 registros em empresa (total: 2)
2026-04-24 03:01:56,689 - INFO - Inserido lote de 10000 registros em empresa (total: 3)
2026-04-24 03:01:59,413 - INFO - Inserido lote de 10000 registros em empresa (total: 4)
2026-04-24 03:02:02,218 - INFO - Inserido lote de 10000 registros em empresa (total: 5)
2026-04-24 03:02:02,219 - INFO - Processadas 9850000 linhas da tabela empresa (chunk 197)
2026-04-24 03:02:05,431 - INFO - Inserido lote de 10000 registros em empresa (total: 1)
2026-04-24 03:02:08,127 - INFO - Inserido lote de 10000 registros em empresa (total: 2)
2026-04-24 03:02:10,835 - INFO - Inserido lote de 10000 registros em empresa (total: 3)
2026-04-24 03:02:14,003 - INFO - Inserido lote de 10000 registros em empresa (total: 4)
2026-04-24 03:02:17,142 - INFO - Inserido lote de 10000 registros em empresa (total: 5)
2026-04-24 03:02:17,142 - INFO - Processadas 9900000 linhas da tabela empresa (chunk 198)
2026-04-24 03:02:21,036 - INFO - Inserido lote de 10000 registros em empresa (total: 1)
2026-04-24 03:02:24,165 - INFO - Inserido lote de 10000 registros em empresa (total: 2)
2026-04-24 03:02:27,164 - INFO - Inserido lote de 10000 registros em empresa (total: 3)
2026-04-24 03:02:30,248 - INFO - Inserido lote de 10000 registros em empresa (total: 4)
2026-04-24 03:02:33,326 - INFO - Inserido lote de 10000 registros em empresa (total: 5)
2026-04-24 03:02:33,326 - INFO - Processadas 9950000 linhas da tabela empresa (chunk 199)
2026-04-24 03:02:36,885 - INFO - Inserido lote de 10000 registros em empresa (total: 1)
2026-04-24 03:02:39,855 - INFO - Inserido lote de 10000 registros em empresa (total: 2)
2026-04-24 03:02:42,856 - INFO - Inserido lote de 10000 registros em empresa (total: 3)
2026-04-24 03:02:45,862 - INFO - Inserido lote de 10000 registros em empresa (total: 4)
2026-04-24 03:02:48,730 - INFO - Inserido lote de 10000 registros em empresa (total: 5)
2026-04-24 03:02:48,730 - INFO - Processadas 10000000 linhas da tabela empresa (chunk 200)
2026-04-24 03:02:51,947 - INFO - Inserido lote de 10000 registros em empresa (total: 1)
2026-04-24 03:02:54,757 - INFO - Inserido lote de 10000 registros em empresa (total: 2)
2026-04-24 03:02:57,476 - INFO - Inserido lote de 10000 registros em empresa (total: 3)
2026-04-24 03:03:00,128 - INFO - Inserido lote de 10000 registros em empresa (total: 4)
2026-04-24 03:03:03,182 - INFO - Inserido lote de 10000 registros em empresa (total: 5)
2026-04-24 03:03:03,182 - INFO - Processadas 10050000 linhas da tabela empresa (chunk 201)
2026-04-24 03:03:06,382 - INFO - Inserido lote de 10000 registros em empresa (total: 1)
2026-04-24 03:03:09,038 - INFO - Inserido lote de 10000 registros em empresa (total: 2)
2026-04-24 03:03:11,687 - INFO - Inserido lote de 10000 registros em empresa (total: 3)
2026-04-24 03:03:14,323 - INFO - Inserido lote de 10000 registros em empresa (total: 4)
2026-04-24 03:03:17,553 - INFO - Inserido lote de 10000 registros em empresa (total: 5)
2026-04-24 03:03:17,553 - INFO - Processadas 10100000 linhas da tabela empresa (chunk 202)
2026-04-24 03:03:20,711 - INFO - Inserido lote de 10000 registros em empresa (total: 1)
2026-04-24 03:03:23,338 - INFO - Inserido lote de 10000 registros em empresa (total: 2)
2026-04-24 03:03:26,103 - INFO - Inserido lote de 10000 registros em empresa (total: 3)
2026-04-24 03:03:28,702 - INFO - Inserido lote de 10000 registros em empresa (total: 4)
2026-04-24 03:03:31,428 - INFO - Inserido lote de 10000 registros em empresa (total: 5)
2026-04-24 03:03:31,429 - INFO - Processadas 10150000 linhas da tabela empresa (chunk 203)
2026-04-24 03:03:34,623 - INFO - Inserido lote de 10000 registros em empresa (total: 1)
2026-04-24 03:03:37,366 - INFO - Inserido lote de 10000 registros em empresa (total: 2)
2026-04-24 03:03:40,131 - INFO - Inserido lote de 10000 registros em empresa (total: 3)
2026-04-24 03:03:42,827 - INFO - Inserido lote de 10000 registros em empresa (total: 4)
2026-04-24 03:03:45,548 - INFO - Inserido lote de 10000 registros em empresa (total: 5)
2026-04-24 03:03:45,548 - INFO - Processadas 10200000 linhas da tabela empresa (chunk 204)
2026-04-24 03:03:48,671 - INFO - Inserido lote de 10000 registros em empresa (total: 1)
2026-04-24 03:03:51,326 - INFO - Inserido lote de 10000 registros em empresa (total: 2)
2026-04-24 03:03:53,987 - INFO - Inserido lote de 10000 registros em empresa (total: 3)
2026-04-24 03:03:56,631 - INFO - Inserido lote de 10000 registros em empresa (total: 4)
2026-04-24 03:03:59,348 - INFO - Inserido lote de 10000 registros em empresa (total: 5)
2026-04-24 03:03:59,348 - INFO - Processadas 10250000 linhas da tabela empresa (chunk 205)
2026-04-24 03:04:02,586 - INFO - Inserido lote de 10000 registros em empresa (total: 1)
2026-04-24 03:04:05,292 - INFO - Inserido lote de 10000 registros em empresa (total: 2)
2026-04-24 03:04:07,972 - INFO - Inserido lote de 10000 registros em empresa (total: 3)
2026-04-24 03:04:10,637 - INFO - Inserido lote de 10000 registros em empresa (total: 4)
2026-04-24 03:04:13,357 - INFO - Inserido lote de 10000 registros em empresa (total: 5)
2026-04-24 03:04:13,357 - INFO - Processadas 10300000 linhas da tabela empresa (chunk 206)
2026-04-24 03:04:16,573 - INFO - Inserido lote de 10000 registros em empresa (total: 1)
2026-04-24 03:04:19,235 - INFO - Inserido lote de 10000 registros em empresa (total: 2)
2026-04-24 03:04:21,907 - INFO - Inserido lote de 10000 registros em empresa (total: 3)
2026-04-24 03:04:24,583 - INFO - Inserido lote de 10000 registros em empresa (total: 4)
2026-04-24 03:04:27,342 - INFO - Inserido lote de 10000 registros em empresa (total: 5)
2026-04-24 03:04:27,342 - INFO - Processadas 10350000 linhas da tabela empresa (chunk 207)
2026-04-24 03:04:30,566 - INFO - Inserido lote de 10000 registros em empresa (total: 1)
2026-04-24 03:04:33,199 - INFO - Inserido lote de 10000 registros em empresa (total: 2)
2026-04-24 03:04:35,883 - INFO - Inserido lote de 10000 registros em empresa (total: 3)
2026-04-24 03:04:38,545 - INFO - Inserido lote de 10000 registros em empresa (total: 4)
2026-04-24 03:04:41,267 - INFO - Inserido lote de 10000 registros em empresa (total: 5)
2026-04-24 03:04:41,268 - INFO - Processadas 10400000 linhas da tabela empresa (chunk 208)
2026-04-24 03:04:44,481 - INFO - Inserido lote de 10000 registros em empresa (total: 1)
2026-04-24 03:04:47,142 - INFO - Inserido lote de 10000 registros em empresa (total: 2)
2026-04-24 03:04:49,822 - INFO - Inserido lote de 10000 registros em empresa (total: 3)
2026-04-24 03:04:52,468 - INFO - Inserido lote de 10000 registros em empresa (total: 4)
2026-04-24 03:04:55,187 - INFO - Inserido lote de 10000 registros em empresa (total: 5)
2026-04-24 03:04:55,187 - INFO - Processadas 10450000 linhas da tabela empresa (chunk 209)
2026-04-24 03:04:58,382 - INFO - Inserido lote de 10000 registros em empresa (total: 1)
2026-04-24 03:05:01,052 - INFO - Inserido lote de 10000 registros em empresa (total: 2)
2026-04-24 03:05:03,728 - INFO - Inserido lote de 10000 registros em empresa (total: 3)
2026-04-24 03:05:06,398 - INFO - Inserido lote de 10000 registros em empresa (total: 4)
2026-04-24 03:05:09,127 - INFO - Inserido lote de 10000 registros em empresa (total: 5)
2026-04-24 03:05:09,127 - INFO - Processadas 10500000 linhas da tabela empresa (chunk 210)
2026-04-24 03:05:12,375 - INFO - Inserido lote de 10000 registros em empresa (total: 1)
2026-04-24 03:05:15,121 - INFO - Inserido lote de 10000 registros em empresa (total: 2)
2026-04-24 03:05:17,811 - INFO - Inserido lote de 10000 registros em empresa (total: 3)
2026-04-24 03:05:20,426 - INFO - Inserido lote de 10000 registros em empresa (total: 4)
2026-04-24 03:05:23,166 - INFO - Inserido lote de 10000 registros em empresa (total: 5)
2026-04-24 03:05:23,167 - INFO - Processadas 10550000 linhas da tabela empresa (chunk 211)
2026-04-24 03:05:26,389 - INFO - Inserido lote de 10000 registros em empresa (total: 1)
2026-04-24 03:05:29,059 - INFO - Inserido lote de 10000 registros em empresa (total: 2)
2026-04-24 03:05:31,734 - INFO - Inserido lote de 10000 registros em empresa (total: 3)
2026-04-24 03:05:34,414 - INFO - Inserido lote de 10000 registros em empresa (total: 4)
2026-04-24 03:05:37,100 - INFO - Inserido lote de 10000 registros em empresa (total: 5)
2026-04-24 03:05:37,101 - INFO - Processadas 10600000 linhas da tabela empresa (chunk 212)
2026-04-24 03:05:40,338 - INFO - Inserido lote de 10000 registros em empresa (total: 1)
2026-04-24 03:05:42,997 - INFO - Inserido lote de 10000 registros em empresa (total: 2)
2026-04-24 03:05:45,684 - INFO - Inserido lote de 10000 registros em empresa (total: 3)
2026-04-24 03:05:48,360 - INFO - Inserido lote de 10000 registros em empresa (total: 4)
2026-04-24 03:05:51,120 - INFO - Inserido lote de 10000 registros em empresa (total: 5)
2026-04-24 03:05:51,120 - INFO - Processadas 10650000 linhas da tabela empresa (chunk 213)
2026-04-24 03:05:54,353 - INFO - Inserido lote de 10000 registros em empresa (total: 1)
2026-04-24 03:05:57,013 - INFO - Inserido lote de 10000 registros em empresa (total: 2)
2026-04-24 03:05:59,692 - INFO - Inserido lote de 10000 registros em empresa (total: 3)
2026-04-24 03:06:02,376 - INFO - Inserido lote de 10000 registros em empresa (total: 4)
2026-04-24 03:06:05,104 - INFO - Inserido lote de 10000 registros em empresa (total: 5)
2026-04-24 03:06:05,105 - INFO - Processadas 10700000 linhas da tabela empresa (chunk 214)
2026-04-24 03:06:08,326 - INFO - Inserido lote de 10000 registros em empresa (total: 1)
2026-04-24 03:06:10,980 - INFO - Inserido lote de 10000 registros em empresa (total: 2)
2026-04-24 03:06:13,673 - INFO - Inserido lote de 10000 registros em empresa (total: 3)
2026-04-24 03:06:16,347 - INFO - Inserido lote de 10000 registros em empresa (total: 4)
2026-04-24 03:06:19,035 - INFO - Inserido lote de 10000 registros em empresa (total: 5)
2026-04-24 03:06:19,035 - INFO - Processadas 10750000 linhas da tabela empresa (chunk 215)
2026-04-24 03:06:22,222 - INFO - Inserido lote de 10000 registros em empresa (total: 1)
2026-04-24 03:06:24,936 - INFO - Inserido lote de 10000 registros em empresa (total: 2)
2026-04-24 03:06:27,601 - INFO - Inserido lote de 10000 registros em empresa (total: 3)
2026-04-24 03:06:30,220 - INFO - Inserido lote de 10000 registros em empresa (total: 4)
2026-04-24 03:06:32,952 - INFO - Inserido lote de 10000 registros em empresa (total: 5)
2026-04-24 03:06:32,952 - INFO - Processadas 10800000 linhas da tabela empresa (chunk 216)
2026-04-24 03:06:36,138 - INFO - Inserido lote de 10000 registros em empresa (total: 1)
2026-04-24 03:06:38,843 - INFO - Inserido lote de 10000 registros em empresa (total: 2)
2026-04-24 03:06:41,534 - INFO - Inserido lote de 10000 registros em empresa (total: 3)
2026-04-24 03:06:44,197 - INFO - Inserido lote de 10000 registros em empresa (total: 4)
2026-04-24 03:06:46,916 - INFO - Inserido lote de 10000 registros em empresa (total: 5)
2026-04-24 03:06:46,916 - INFO - Processadas 10850000 linhas da tabela empresa (chunk 217)
2026-04-24 03:06:50,083 - INFO - Inserido lote de 10000 registros em empresa (total: 1)
2026-04-24 03:06:52,729 - INFO - Inserido lote de 10000 registros em empresa (total: 2)
2026-04-24 03:06:55,370 - INFO - Inserido lote de 10000 registros em empresa (total: 3)
2026-04-24 03:06:58,026 - INFO - Inserido lote de 10000 registros em empresa (total: 4)
2026-04-24 03:07:00,707 - INFO - Inserido lote de 10000 registros em empresa (total: 5)
2026-04-24 03:07:00,707 - INFO - Processadas 10900000 linhas da tabela empresa (chunk 218)
2026-04-24 03:07:03,882 - INFO - Inserido lote de 10000 registros em empresa (total: 1)
2026-04-24 03:07:06,527 - INFO - Inserido lote de 10000 registros em empresa (total: 2)
2026-04-24 03:07:09,186 - INFO - Inserido lote de 10000 registros em empresa (total: 3)
2026-04-24 03:07:11,797 - INFO - Inserido lote de 10000 registros em empresa (total: 4)
2026-04-24 03:07:14,790 - INFO - Inserido lote de 10000 registros em empresa (total: 5)
2026-04-24 03:07:14,791 - INFO - Processadas 10950000 linhas da tabela empresa (chunk 219)
2026-04-24 03:07:18,263 - INFO - Inserido lote de 10000 registros em empresa (total: 1)
2026-04-24 03:07:20,899 - INFO - Inserido lote de 10000 registros em empresa (total: 2)
2026-04-24 03:07:23,558 - INFO - Inserido lote de 10000 registros em empresa (total: 3)
2026-04-24 03:07:26,211 - INFO - Inserido lote de 10000 registros em empresa (total: 4)
2026-04-24 03:07:28,878 - INFO - Inserido lote de 10000 registros em empresa (total: 5)
2026-04-24 03:07:28,878 - INFO - Processadas 11000000 linhas da tabela empresa (chunk 220)
2026-04-24 03:07:32,368 - INFO - Inserido lote de 10000 registros em empresa (total: 1)
2026-04-24 03:07:34,997 - INFO - Inserido lote de 10000 registros em empresa (total: 2)
2026-04-24 03:07:37,609 - INFO - Inserido lote de 10000 registros em empresa (total: 3)
2026-04-24 03:07:40,266 - INFO - Inserido lote de 10000 registros em empresa (total: 4)
2026-04-24 03:07:42,935 - INFO - Inserido lote de 10000 registros em empresa (total: 5)
2026-04-24 03:07:42,935 - INFO - Processadas 11050000 linhas da tabela empresa (chunk 221)
2026-04-24 03:07:46,110 - INFO - Inserido lote de 10000 registros em empresa (total: 1)
2026-04-24 03:07:48,759 - INFO - Inserido lote de 10000 registros em empresa (total: 2)
2026-04-24 03:07:51,376 - INFO - Inserido lote de 10000 registros em empresa (total: 3)
2026-04-24 03:07:53,979 - INFO - Inserido lote de 10000 registros em empresa (total: 4)
2026-04-24 03:07:56,657 - INFO - Inserido lote de 10000 registros em empresa (total: 5)
2026-04-24 03:07:56,657 - INFO - Processadas 11100000 linhas da tabela empresa (chunk 222)
2026-04-24 03:07:59,863 - INFO - Inserido lote de 10000 registros em empresa (total: 1)
2026-04-24 03:08:02,542 - INFO - Inserido lote de 10000 registros em empresa (total: 2)
2026-04-24 03:08:05,192 - INFO - Inserido lote de 10000 registros em empresa (total: 3)
2026-04-24 03:08:07,825 - INFO - Inserido lote de 10000 registros em empresa (total: 4)
2026-04-24 03:08:10,528 - INFO - Inserido lote de 10000 registros em empresa (total: 5)
2026-04-24 03:08:10,529 - INFO - Processadas 11150000 linhas da tabela empresa (chunk 223)
2026-04-24 03:08:13,758 - INFO - Inserido lote de 10000 registros em empresa (total: 1)
2026-04-24 03:08:16,388 - INFO - Inserido lote de 10000 registros em empresa (total: 2)
2026-04-24 03:08:19,048 - INFO - Inserido lote de 10000 registros em empresa (total: 3)
2026-04-24 03:08:21,718 - INFO - Inserido lote de 10000 registros em empresa (total: 4)
2026-04-24 03:08:24,459 - INFO - Inserido lote de 10000 registros em empresa (total: 5)
2026-04-24 03:08:24,459 - INFO - Processadas 11200000 linhas da tabela empresa (chunk 224)
2026-04-24 03:08:27,645 - INFO - Inserido lote de 10000 registros em empresa (total: 1)
2026-04-24 03:08:30,306 - INFO - Inserido lote de 10000 registros em empresa (total: 2)
2026-04-24 03:08:32,953 - INFO - Inserido lote de 10000 registros em empresa (total: 3)
2026-04-24 03:08:35,657 - INFO - Inserido lote de 10000 registros em empresa (total: 4)
2026-04-24 03:08:38,361 - INFO - Inserido lote de 10000 registros em empresa (total: 5)
2026-04-24 03:08:38,361 - INFO - Processadas 11250000 linhas da tabela empresa (chunk 225)
2026-04-24 03:08:41,541 - INFO - Inserido lote de 10000 registros em empresa (total: 1)
2026-04-24 03:08:44,193 - INFO - Inserido lote de 10000 registros em empresa (total: 2)
2026-04-24 03:08:46,810 - INFO - Inserido lote de 10000 registros em empresa (total: 3)
2026-04-24 03:08:49,464 - INFO - Inserido lote de 10000 registros em empresa (total: 4)
2026-04-24 03:08:52,177 - INFO - Inserido lote de 10000 registros em empresa (total: 5)
2026-04-24 03:08:52,178 - INFO - Processadas 11300000 linhas da tabela empresa (chunk 226)
2026-04-24 03:08:55,346 - INFO - Inserido lote de 10000 registros em empresa (total: 1)
2026-04-24 03:08:58,012 - INFO - Inserido lote de 10000 registros em empresa (total: 2)
2026-04-24 03:09:00,696 - INFO - Inserido lote de 10000 registros em empresa (total: 3)
2026-04-24 03:09:03,344 - INFO - Inserido lote de 10000 registros em empresa (total: 4)
2026-04-24 03:09:06,114 - INFO - Inserido lote de 10000 registros em empresa (total: 5)
2026-04-24 03:09:06,115 - INFO - Processadas 11350000 linhas da tabela empresa (chunk 227)
2026-04-24 03:09:09,355 - INFO - Inserido lote de 10000 registros em empresa (total: 1)
2026-04-24 03:09:12,041 - INFO - Inserido lote de 10000 registros em empresa (total: 2)
2026-04-24 03:09:14,723 - INFO - Inserido lote de 10000 registros em empresa (total: 3)
2026-04-24 03:09:17,385 - INFO - Inserido lote de 10000 registros em empresa (total: 4)
2026-04-24 03:09:20,377 - INFO - Inserido lote de 10000 registros em empresa (total: 5)
2026-04-24 03:09:20,377 - INFO - Processadas 11400000 linhas da tabela empresa (chunk 228)
2026-04-24 03:09:23,916 - INFO - Inserido lote de 10000 registros em empresa (total: 1)
2026-04-24 03:09:26,568 - INFO - Inserido lote de 10000 registros em empresa (total: 2)
2026-04-24 03:09:29,245 - INFO - Inserido lote de 10000 registros em empresa (total: 3)
2026-04-24 03:09:31,887 - INFO - Inserido lote de 10000 registros em empresa (total: 4)
2026-04-24 03:09:34,632 - INFO - Inserido lote de 10000 registros em empresa (total: 5)
2026-04-24 03:09:34,633 - INFO - Processadas 11450000 linhas da tabela empresa (chunk 229)
2026-04-24 03:09:38,073 - INFO - Inserido lote de 10000 registros em empresa (total: 1)
2026-04-24 03:09:40,764 - INFO - Inserido lote de 10000 registros em empresa (total: 2)
2026-04-24 03:09:43,429 - INFO - Inserido lote de 10000 registros em empresa (total: 3)
2026-04-24 03:09:46,113 - INFO - Inserido lote de 10000 registros em empresa (total: 4)
2026-04-24 03:09:48,869 - INFO - Inserido lote de 10000 registros em empresa (total: 5)
2026-04-24 03:09:48,870 - INFO - Processadas 11500000 linhas da tabela empresa (chunk 230)
2026-04-24 03:09:52,077 - INFO - Inserido lote de 10000 registros em empresa (total: 1)
2026-04-24 03:09:54,752 - INFO - Inserido lote de 10000 registros em empresa (total: 2)
2026-04-24 03:09:57,450 - INFO - Inserido lote de 10000 registros em empresa (total: 3)
2026-04-24 03:10:00,161 - INFO - Inserido lote de 10000 registros em empresa (total: 4)
2026-04-24 03:10:02,916 - INFO - Inserido lote de 10000 registros em empresa (total: 5)
2026-04-24 03:10:02,916 - INFO - Processadas 11550000 linhas da tabela empresa (chunk 231)
2026-04-24 03:10:06,182 - INFO - Inserido lote de 10000 registros em empresa (total: 1)
2026-04-24 03:10:08,852 - INFO - Inserido lote de 10000 registros em empresa (total: 2)
2026-04-24 03:10:11,540 - INFO - Inserido lote de 10000 registros em empresa (total: 3)
2026-04-24 03:10:14,198 - INFO - Inserido lote de 10000 registros em empresa (total: 4)
2026-04-24 03:10:16,944 - INFO - Inserido lote de 10000 registros em empresa (total: 5)
2026-04-24 03:10:16,944 - INFO - Processadas 11600000 linhas da tabela empresa (chunk 232)
2026-04-24 03:10:20,206 - INFO - Inserido lote de 10000 registros em empresa (total: 1)
2026-04-24 03:10:22,885 - INFO - Inserido lote de 10000 registros em empresa (total: 2)
2026-04-24 03:10:25,581 - INFO - Inserido lote de 10000 registros em empresa (total: 3)
2026-04-24 03:10:28,238 - INFO - Inserido lote de 10000 registros em empresa (total: 4)
2026-04-24 03:10:30,976 - INFO - Inserido lote de 10000 registros em empresa (total: 5)
2026-04-24 03:10:30,976 - INFO - Processadas 11650000 linhas da tabela empresa (chunk 233)
2026-04-24 03:10:34,189 - INFO - Inserido lote de 10000 registros em empresa (total: 1)
2026-04-24 03:10:36,827 - INFO - Inserido lote de 10000 registros em empresa (total: 2)
2026-04-24 03:10:39,512 - INFO - Inserido lote de 10000 registros em empresa (total: 3)
2026-04-24 03:10:42,126 - INFO - Inserido lote de 10000 registros em empresa (total: 4)
2026-04-24 03:10:44,843 - INFO - Inserido lote de 10000 registros em empresa (total: 5)
2026-04-24 03:10:44,843 - INFO - Processadas 11700000 linhas da tabela empresa (chunk 234)
2026-04-24 03:10:48,027 - INFO - Inserido lote de 10000 registros em empresa (total: 1)
2026-04-24 03:10:50,714 - INFO - Inserido lote de 10000 registros em empresa (total: 2)
2026-04-24 03:10:53,358 - INFO - Inserido lote de 10000 registros em empresa (total: 3)
2026-04-24 03:10:56,004 - INFO - Inserido lote de 10000 registros em empresa (total: 4)
2026-04-24 03:10:58,722 - INFO - Inserido lote de 10000 registros em empresa (total: 5)
2026-04-24 03:10:58,722 - INFO - Processadas 11750000 linhas da tabela empresa (chunk 235)
2026-04-24 03:11:01,933 - INFO - Inserido lote de 10000 registros em empresa (total: 1)
2026-04-24 03:11:04,649 - INFO - Inserido lote de 10000 registros em empresa (total: 2)
2026-04-24 03:11:07,328 - INFO - Inserido lote de 10000 registros em empresa (total: 3)
2026-04-24 03:11:10,038 - INFO - Inserido lote de 10000 registros em empresa (total: 4)
2026-04-24 03:11:12,780 - INFO - Inserido lote de 10000 registros em empresa (total: 5)
2026-04-24 03:11:12,780 - INFO - Processadas 11800000 linhas da tabela empresa (chunk 236)
2026-04-24 03:11:15,996 - INFO - Inserido lote de 10000 registros em empresa (total: 1)
2026-04-24 03:11:18,669 - INFO - Inserido lote de 10000 registros em empresa (total: 2)
2026-04-24 03:11:21,331 - INFO - Inserido lote de 10000 registros em empresa (total: 3)
2026-04-24 03:11:24,017 - INFO - Inserido lote de 10000 registros em empresa (total: 4)
2026-04-24 03:11:27,064 - INFO - Inserido lote de 10000 registros em empresa (total: 5)
2026-04-24 03:11:27,065 - INFO - Processadas 11850000 linhas da tabela empresa (chunk 237)
2026-04-24 03:11:30,258 - INFO - Inserido lote de 10000 registros em empresa (total: 1)
2026-04-24 03:11:32,962 - INFO - Inserido lote de 10000 registros em empresa (total: 2)
2026-04-24 03:11:35,606 - INFO - Inserido lote de 10000 registros em empresa (total: 3)
2026-04-24 03:11:38,327 - INFO - Inserido lote de 10000 registros em empresa (total: 4)
2026-04-24 03:11:41,217 - INFO - Inserido lote de 10000 registros em empresa (total: 5)
2026-04-24 03:11:41,217 - INFO - Processadas 11900000 linhas da tabela empresa (chunk 238)
2026-04-24 03:11:44,409 - INFO - Inserido lote de 10000 registros em empresa (total: 1)
2026-04-24 03:11:47,146 - INFO - Inserido lote de 10000 registros em empresa (total: 2)
2026-04-24 03:11:49,814 - INFO - Inserido lote de 10000 registros em empresa (total: 3)
2026-04-24 03:11:52,491 - INFO - Inserido lote de 10000 registros em empresa (total: 4)
2026-04-24 03:11:55,171 - INFO - Inserido lote de 10000 registros em empresa (total: 5)
2026-04-24 03:11:55,172 - INFO - Processadas 11950000 linhas da tabela empresa (chunk 239)
2026-04-24 03:11:58,345 - INFO - Inserido lote de 10000 registros em empresa (total: 1)
2026-04-24 03:12:00,968 - INFO - Inserido lote de 10000 registros em empresa (total: 2)
2026-04-24 03:12:03,646 - INFO - Inserido lote de 10000 registros em empresa (total: 3)
2026-04-24 03:12:06,343 - INFO - Inserido lote de 10000 registros em empresa (total: 4)
2026-04-24 03:12:09,076 - INFO - Inserido lote de 10000 registros em empresa (total: 5)
2026-04-24 03:12:09,076 - INFO - Processadas 12000000 linhas da tabela empresa (chunk 240)
2026-04-24 03:12:12,293 - INFO - Inserido lote de 10000 registros em empresa (total: 1)
2026-04-24 03:12:14,959 - INFO - Inserido lote de 10000 registros em empresa (total: 2)
2026-04-24 03:12:17,636 - INFO - Inserido lote de 10000 registros em empresa (total: 3)
2026-04-24 03:12:20,273 - INFO - Inserido lote de 10000 registros em empresa (total: 4)
2026-04-24 03:12:22,986 - INFO - Inserido lote de 10000 registros em empresa (total: 5)
2026-04-24 03:12:22,986 - INFO - Processadas 12050000 linhas da tabela empresa (chunk 241)
2026-04-24 03:12:26,194 - INFO - Inserido lote de 10000 registros em empresa (total: 1)
2026-04-24 03:12:28,872 - INFO - Inserido lote de 10000 registros em empresa (total: 2)
2026-04-24 03:12:31,539 - INFO - Inserido lote de 10000 registros em empresa (total: 3)
2026-04-24 03:12:34,179 - INFO - Inserido lote de 10000 registros em empresa (total: 4)
2026-04-24 03:12:36,936 - INFO - Inserido lote de 10000 registros em empresa (total: 5)
2026-04-24 03:12:36,937 - INFO - Processadas 12100000 linhas da tabela empresa (chunk 242)
2026-04-24 03:12:40,142 - INFO - Inserido lote de 10000 registros em empresa (total: 1)
2026-04-24 03:12:42,801 - INFO - Inserido lote de 10000 registros em empresa (total: 2)
2026-04-24 03:12:45,428 - INFO - Inserido lote de 10000 registros em empresa (total: 3)
2026-04-24 03:12:48,066 - INFO - Inserido lote de 10000 registros em empresa (total: 4)
2026-04-24 03:12:50,760 - INFO - Inserido lote de 10000 registros em empresa (total: 5)
2026-04-24 03:12:50,761 - INFO - Processadas 12150000 linhas da tabela empresa (chunk 243)
2026-04-24 03:12:53,919 - INFO - Inserido lote de 10000 registros em empresa (total: 1)
2026-04-24 03:12:56,521 - INFO - Inserido lote de 10000 registros em empresa (total: 2)
2026-04-24 03:12:59,169 - INFO - Inserido lote de 10000 registros em empresa (total: 3)
2026-04-24 03:13:01,763 - INFO - Inserido lote de 10000 registros em empresa (total: 4)
2026-04-24 03:13:04,568 - INFO - Inserido lote de 10000 registros em empresa (total: 5)
2026-04-24 03:13:04,569 - INFO - Processadas 12200000 linhas da tabela empresa (chunk 244)
2026-04-24 03:13:07,753 - INFO - Inserido lote de 10000 registros em empresa (total: 1)
2026-04-24 03:13:10,392 - INFO - Inserido lote de 10000 registros em empresa (total: 2)
2026-04-24 03:13:13,034 - INFO - Inserido lote de 10000 registros em empresa (total: 3)
2026-04-24 03:13:15,650 - INFO - Inserido lote de 10000 registros em empresa (total: 4)
2026-04-24 03:13:18,299 - INFO - Inserido lote de 10000 registros em empresa (total: 5)
2026-04-24 03:13:18,300 - INFO - Processadas 12250000 linhas da tabela empresa (chunk 245)
2026-04-24 03:13:21,577 - INFO - Inserido lote de 10000 registros em empresa (total: 1)
2026-04-24 03:13:24,197 - INFO - Inserido lote de 10000 registros em empresa (total: 2)
2026-04-24 03:13:26,816 - INFO - Inserido lote de 10000 registros em empresa (total: 3)
2026-04-24 03:13:29,461 - INFO - Inserido lote de 10000 registros em empresa (total: 4)
2026-04-24 03:13:32,137 - INFO - Inserido lote de 10000 registros em empresa (total: 5)
2026-04-24 03:13:32,137 - INFO - Processadas 12300000 linhas da tabela empresa (chunk 246)
2026-04-24 03:13:35,299 - INFO - Inserido lote de 10000 registros em empresa (total: 1)
2026-04-24 03:13:37,945 - INFO - Inserido lote de 10000 registros em empresa (total: 2)
2026-04-24 03:13:40,576 - INFO - Inserido lote de 10000 registros em empresa (total: 3)
2026-04-24 03:13:43,209 - INFO - Inserido lote de 10000 registros em empresa (total: 4)
2026-04-24 03:13:45,897 - INFO - Inserido lote de 10000 registros em empresa (total: 5)
2026-04-24 03:13:45,897 - INFO - Processadas 12350000 linhas da tabela empresa (chunk 247)
2026-04-24 03:13:49,127 - INFO - Inserido lote de 10000 registros em empresa (total: 1)
2026-04-24 03:13:51,755 - INFO - Inserido lote de 10000 registros em empresa (total: 2)
2026-04-24 03:13:54,411 - INFO - Inserido lote de 10000 registros em empresa (total: 3)
2026-04-24 03:13:57,056 - INFO - Inserido lote de 10000 registros em empresa (total: 4)
2026-04-24 03:13:59,765 - INFO - Inserido lote de 10000 registros em empresa (total: 5)
2026-04-24 03:13:59,766 - INFO - Processadas 12400000 linhas da tabela empresa (chunk 248)
2026-04-24 03:14:02,948 - INFO - Inserido lote de 10000 registros em empresa (total: 1)
2026-04-24 03:14:05,625 - INFO - Inserido lote de 10000 registros em empresa (total: 2)
2026-04-24 03:14:08,266 - INFO - Inserido lote de 10000 registros em empresa (total: 3)
2026-04-24 03:14:10,941 - INFO - Inserido lote de 10000 registros em empresa (total: 4)
2026-04-24 03:14:13,620 - INFO - Inserido lote de 10000 registros em empresa (total: 5)
2026-04-24 03:14:13,620 - INFO - Processadas 12450000 linhas da tabela empresa (chunk 249)
2026-04-24 03:14:16,960 - INFO - Inserido lote de 10000 registros em empresa (total: 1)
2026-04-24 03:14:19,610 - INFO - Inserido lote de 10000 registros em empresa (total: 2)
2026-04-24 03:14:22,288 - INFO - Inserido lote de 10000 registros em empresa (total: 3)
2026-04-24 03:14:24,945 - INFO - Inserido lote de 10000 registros em empresa (total: 4)
2026-04-24 03:14:28,064 - INFO - Inserido lote de 10000 registros em empresa (total: 5)
2026-04-24 03:14:28,064 - INFO - Processadas 12500000 linhas da tabela empresa (chunk 250)
2026-04-24 03:14:31,557 - INFO - Inserido lote de 10000 registros em empresa (total: 1)
2026-04-24 03:14:34,230 - INFO - Inserido lote de 10000 registros em empresa (total: 2)
2026-04-24 03:14:36,875 - INFO - Inserido lote de 10000 registros em empresa (total: 3)
2026-04-24 03:14:39,561 - INFO - Inserido lote de 10000 registros em empresa (total: 4)
2026-04-24 03:14:42,239 - INFO - Inserido lote de 10000 registros em empresa (total: 5)
2026-04-24 03:14:42,240 - INFO - Processadas 12550000 linhas da tabela empresa (chunk 251)
2026-04-24 03:14:45,725 - INFO - Inserido lote de 10000 registros em empresa (total: 1)
2026-04-24 03:14:48,354 - INFO - Inserido lote de 10000 registros em empresa (total: 2)
2026-04-24 03:14:51,032 - INFO - Inserido lote de 10000 registros em empresa (total: 3)
2026-04-24 03:14:53,671 - INFO - Inserido lote de 10000 registros em empresa (total: 4)
2026-04-24 03:14:56,396 - INFO - Inserido lote de 10000 registros em empresa (total: 5)
2026-04-24 03:14:56,397 - INFO - Processadas 12600000 linhas da tabela empresa (chunk 252)
2026-04-24 03:14:59,592 - INFO - Inserido lote de 10000 registros em empresa (total: 1)
2026-04-24 03:15:02,231 - INFO - Inserido lote de 10000 registros em empresa (total: 2)
2026-04-24 03:15:04,865 - INFO - Inserido lote de 10000 registros em empresa (total: 3)
2026-04-24 03:15:07,527 - INFO - Inserido lote de 10000 registros em empresa (total: 4)
2026-04-24 03:15:10,197 - INFO - Inserido lote de 10000 registros em empresa (total: 5)
2026-04-24 03:15:10,198 - INFO - Processadas 12650000 linhas da tabela empresa (chunk 253)
2026-04-24 03:15:13,391 - INFO - Inserido lote de 10000 registros em empresa (total: 1)
2026-04-24 03:15:16,044 - INFO - Inserido lote de 10000 registros em empresa (total: 2)
2026-04-24 03:15:18,721 - INFO - Inserido lote de 10000 registros em empresa (total: 3)
2026-04-24 03:15:21,371 - INFO - Inserido lote de 10000 registros em empresa (total: 4)
2026-04-24 03:15:24,089 - INFO - Inserido lote de 10000 registros em empresa (total: 5)
2026-04-24 03:15:24,089 - INFO - Processadas 12700000 linhas da tabela empresa (chunk 254)
2026-04-24 03:15:27,269 - INFO - Inserido lote de 10000 registros em empresa (total: 1)
2026-04-24 03:15:29,917 - INFO - Inserido lote de 10000 registros em empresa (total: 2)
2026-04-24 03:15:32,570 - INFO - Inserido lote de 10000 registros em empresa (total: 3)
2026-04-24 03:15:35,216 - INFO - Inserido lote de 10000 registros em empresa (total: 4)
2026-04-24 03:15:37,934 - INFO - Inserido lote de 10000 registros em empresa (total: 5)
2026-04-24 03:15:37,935 - INFO - Processadas 12750000 linhas da tabela empresa (chunk 255)
2026-04-24 03:15:41,160 - INFO - Inserido lote de 10000 registros em empresa (total: 1)
2026-04-24 03:15:43,822 - INFO - Inserido lote de 10000 registros em empresa (total: 2)
2026-04-24 03:15:46,508 - INFO - Inserido lote de 10000 registros em empresa (total: 3)
2026-04-24 03:15:49,176 - INFO - Inserido lote de 10000 registros em empresa (total: 4)
2026-04-24 03:15:51,921 - INFO - Inserido lote de 10000 registros em empresa (total: 5)
2026-04-24 03:15:51,921 - INFO - Processadas 12800000 linhas da tabela empresa (chunk 256)
2026-04-24 03:15:55,114 - INFO - Inserido lote de 10000 registros em empresa (total: 1)
2026-04-24 03:15:57,751 - INFO - Inserido lote de 10000 registros em empresa (total: 2)
2026-04-24 03:16:00,449 - INFO - Inserido lote de 10000 registros em empresa (total: 3)
2026-04-24 03:16:03,108 - INFO - Inserido lote de 10000 registros em empresa (total: 4)
2026-04-24 03:16:05,820 - INFO - Inserido lote de 10000 registros em empresa (total: 5)
2026-04-24 03:16:05,820 - INFO - Processadas 12850000 linhas da tabela empresa (chunk 257)
2026-04-24 03:16:09,047 - INFO - Inserido lote de 10000 registros em empresa (total: 1)
2026-04-24 03:16:11,737 - INFO - Inserido lote de 10000 registros em empresa (total: 2)
2026-04-24 03:16:14,426 - INFO - Inserido lote de 10000 registros em empresa (total: 3)
2026-04-24 03:16:17,122 - INFO - Inserido lote de 10000 registros em empresa (total: 4)
2026-04-24 03:16:19,880 - INFO - Inserido lote de 10000 registros em empresa (total: 5)
2026-04-24 03:16:19,881 - INFO - Processadas 12900000 linhas da tabela empresa (chunk 258)
2026-04-24 03:16:23,229 - INFO - Inserido lote de 10000 registros em empresa (total: 1)
2026-04-24 03:16:25,985 - INFO - Inserido lote de 10000 registros em empresa (total: 2)
2026-04-24 03:16:28,671 - INFO - Inserido lote de 10000 registros em empresa (total: 3)
2026-04-24 03:16:31,346 - INFO - Inserido lote de 10000 registros em empresa (total: 4)
2026-04-24 03:16:34,394 - INFO - Inserido lote de 10000 registros em empresa (total: 5)
2026-04-24 03:16:34,394 - INFO - Processadas 12950000 linhas da tabela empresa (chunk 259)
2026-04-24 03:16:37,563 - INFO - Inserido lote de 10000 registros em empresa (total: 1)
2026-04-24 03:16:40,214 - INFO - Inserido lote de 10000 registros em empresa (total: 2)
2026-04-24 03:16:42,900 - INFO - Inserido lote de 10000 registros em empresa (total: 3)
2026-04-24 03:16:45,575 - INFO - Inserido lote de 10000 registros em empresa (total: 4)
2026-04-24 03:16:48,302 - INFO - Inserido lote de 10000 registros em empresa (total: 5)
2026-04-24 03:16:48,302 - INFO - Processadas 13000000 linhas da tabela empresa (chunk 260)
2026-04-24 03:16:51,485 - INFO - Inserido lote de 10000 registros em empresa (total: 1)
2026-04-24 03:16:54,193 - INFO - Inserido lote de 10000 registros em empresa (total: 2)
2026-04-24 03:16:56,891 - INFO - Inserido lote de 10000 registros em empresa (total: 3)
2026-04-24 03:16:59,576 - INFO - Inserido lote de 10000 registros em empresa (total: 4)
2026-04-24 03:17:02,281 - INFO - Inserido lote de 10000 registros em empresa (total: 5)
2026-04-24 03:17:02,282 - INFO - Processadas 13050000 linhas da tabela empresa (chunk 261)
2026-04-24 03:17:05,481 - INFO - Inserido lote de 10000 registros em empresa (total: 1)
2026-04-24 03:17:08,170 - INFO - Inserido lote de 10000 registros em empresa (total: 2)
2026-04-24 03:17:10,887 - INFO - Inserido lote de 10000 registros em empresa (total: 3)
2026-04-24 03:17:13,543 - INFO - Inserido lote de 10000 registros em empresa (total: 4)
2026-04-24 03:17:16,291 - INFO - Inserido lote de 10000 registros em empresa (total: 5)
2026-04-24 03:17:16,291 - INFO - Processadas 13100000 linhas da tabela empresa (chunk 262)
2026-04-24 03:17:19,498 - INFO - Inserido lote de 10000 registros em empresa (total: 1)
2026-04-24 03:17:22,163 - INFO - Inserido lote de 10000 registros em empresa (total: 2)
2026-04-24 03:17:24,816 - INFO - Inserido lote de 10000 registros em empresa (total: 3)
2026-04-24 03:17:27,475 - INFO - Inserido lote de 10000 registros em empresa (total: 4)
2026-04-24 03:17:30,205 - INFO - Inserido lote de 10000 registros em empresa (total: 5)
2026-04-24 03:17:30,205 - INFO - Processadas 13150000 linhas da tabela empresa (chunk 263)
2026-04-24 03:17:33,447 - INFO - Inserido lote de 10000 registros em empresa (total: 1)
2026-04-24 03:17:36,092 - INFO - Inserido lote de 10000 registros em empresa (total: 2)
2026-04-24 03:17:38,791 - INFO - Inserido lote de 10000 registros em empresa (total: 3)
2026-04-24 03:17:41,443 - INFO - Inserido lote de 10000 registros em empresa (total: 4)
2026-04-24 03:17:44,182 - INFO - Inserido lote de 10000 registros em empresa (total: 5)
2026-04-24 03:17:44,183 - INFO - Processadas 13200000 linhas da tabela empresa (chunk 264)
2026-04-24 03:17:47,466 - INFO - Inserido lote de 10000 registros em empresa (total: 1)
2026-04-24 03:17:50,146 - INFO - Inserido lote de 10000 registros em empresa (total: 2)
2026-04-24 03:17:52,835 - INFO - Inserido lote de 10000 registros em empresa (total: 3)
2026-04-24 03:17:55,507 - INFO - Inserido lote de 10000 registros em empresa (total: 4)
2026-04-24 03:17:58,215 - INFO - Inserido lote de 10000 registros em empresa (total: 5)
2026-04-24 03:17:58,216 - INFO - Processadas 13250000 linhas da tabela empresa (chunk 265)
2026-04-24 03:18:01,412 - INFO - Inserido lote de 10000 registros em empresa (total: 1)
2026-04-24 03:18:04,190 - INFO - Inserido lote de 10000 registros em empresa (total: 2)
2026-04-24 03:18:06,831 - INFO - Inserido lote de 10000 registros em empresa (total: 3)
2026-04-24 03:18:09,506 - INFO - Inserido lote de 10000 registros em empresa (total: 4)
2026-04-24 03:18:12,180 - INFO - Inserido lote de 10000 registros em empresa (total: 5)
2026-04-24 03:18:12,180 - INFO - Processadas 13300000 linhas da tabela empresa (chunk 266)
2026-04-24 03:18:15,391 - INFO - Inserido lote de 10000 registros em empresa (total: 1)
2026-04-24 03:18:18,008 - INFO - Inserido lote de 10000 registros em empresa (total: 2)
2026-04-24 03:18:20,659 - INFO - Inserido lote de 10000 registros em empresa (total: 3)
2026-04-24 03:18:23,277 - INFO - Inserido lote de 10000 registros em empresa (total: 4)
2026-04-24 03:18:25,961 - INFO - Inserido lote de 10000 registros em empresa (total: 5)
2026-04-24 03:18:25,961 - INFO - Processadas 13350000 linhas da tabela empresa (chunk 267)
2026-04-24 03:18:29,151 - INFO - Inserido lote de 10000 registros em empresa (total: 1)
2026-04-24 03:18:31,940 - INFO - Inserido lote de 10000 registros em empresa (total: 2)
2026-04-24 03:18:35,626 - INFO - Inserido lote de 10000 registros em empresa (total: 3)
2026-04-24 03:18:38,885 - INFO - Inserido lote de 10000 registros em empresa (total: 4)
2026-04-24 03:18:41,650 - INFO - Inserido lote de 10000 registros em empresa (total: 5)
2026-04-24 03:18:41,650 - INFO - Processadas 13400000 linhas da tabela empresa (chunk 268)
2026-04-24 03:18:45,170 - INFO - Inserido lote de 10000 registros em empresa (total: 1)
2026-04-24 03:18:47,848 - INFO - Inserido lote de 10000 registros em empresa (total: 2)
2026-04-24 03:18:50,544 - INFO - Inserido lote de 10000 registros em empresa (total: 3)
2026-04-24 03:18:53,222 - INFO - Inserido lote de 10000 registros em empresa (total: 4)
2026-04-24 03:18:55,958 - INFO - Inserido lote de 10000 registros em empresa (total: 5)
2026-04-24 03:18:55,958 - INFO - Processadas 13450000 linhas da tabela empresa (chunk 269)
2026-04-24 03:18:59,579 - INFO - Inserido lote de 10000 registros em empresa (total: 1)
2026-04-24 03:19:02,772 - INFO - Inserido lote de 10000 registros em empresa (total: 2)
2026-04-24 03:19:05,499 - INFO - Inserido lote de 10000 registros em empresa (total: 3)
2026-04-24 03:19:08,454 - INFO - Inserido lote de 10000 registros em empresa (total: 4)
2026-04-24 03:19:11,674 - INFO - Inserido lote de 10000 registros em empresa (total: 5)
2026-04-24 03:19:11,675 - INFO - Processadas 13500000 linhas da tabela empresa (chunk 270)
2026-04-24 03:19:15,230 - INFO - Inserido lote de 10000 registros em empresa (total: 1)
2026-04-24 03:19:18,142 - INFO - Inserido lote de 10000 registros em empresa (total: 2)
2026-04-24 03:19:21,133 - INFO - Inserido lote de 10000 registros em empresa (total: 3)
2026-04-24 03:19:24,092 - INFO - Inserido lote de 10000 registros em empresa (total: 4)
2026-04-24 03:19:26,823 - INFO - Inserido lote de 10000 registros em empresa (total: 5)
2026-04-24 03:19:26,824 - INFO - Processadas 13550000 linhas da tabela empresa (chunk 271)
2026-04-24 03:19:30,139 - INFO - Inserido lote de 10000 registros em empresa (total: 1)
2026-04-24 03:19:32,986 - INFO - Inserido lote de 10000 registros em empresa (total: 2)
2026-04-24 03:19:35,717 - INFO - Inserido lote de 10000 registros em empresa (total: 3)
2026-04-24 03:19:38,608 - INFO - Inserido lote de 10000 registros em empresa (total: 4)
2026-04-24 03:19:41,460 - INFO - Inserido lote de 10000 registros em empresa (total: 5)
2026-04-24 03:19:41,461 - INFO - Processadas 13600000 linhas da tabela empresa (chunk 272)
2026-04-24 03:19:45,150 - INFO - Inserido lote de 10000 registros em empresa (total: 1)
2026-04-24 03:19:47,897 - INFO - Inserido lote de 10000 registros em empresa (total: 2)
2026-04-24 03:19:50,705 - INFO - Inserido lote de 10000 registros em empresa (total: 3)
2026-04-24 03:19:53,761 - INFO - Inserido lote de 10000 registros em empresa (total: 4)
2026-04-24 03:19:57,670 - INFO - Inserido lote de 10000 registros em empresa (total: 5)
2026-04-24 03:19:57,670 - INFO - Processadas 13650000 linhas da tabela empresa (chunk 273)
2026-04-24 03:20:01,711 - INFO - Inserido lote de 10000 registros em empresa (total: 1)
2026-04-24 03:20:04,504 - INFO - Inserido lote de 10000 registros em empresa (total: 2)
2026-04-24 03:20:07,240 - INFO - Inserido lote de 10000 registros em empresa (total: 3)
2026-04-24 03:20:09,942 - INFO - Inserido lote de 10000 registros em empresa (total: 4)
2026-04-24 03:20:12,734 - INFO - Inserido lote de 10000 registros em empresa (total: 5)
2026-04-24 03:20:12,735 - INFO - Processadas 13700000 linhas da tabela empresa (chunk 274)
2026-04-24 03:20:16,197 - INFO - Inserido lote de 10000 registros em empresa (total: 1)
